indiv,IDFG_YCT_v2_Ocl89640_61,...6,IDFG_YCT_v2_Ocl72577_41,...8,IDFG_YCT_v1_Ocl36010_70,...10,IDFG_YCT_v2_Ocl55949_70,...12,Ocl_Chr11_35455748_82543634,...14,IDFG_YCT_v2_Ocl2550_72,...16,Ocl_Chr26_24390262_169834458,...18,Ocl_Chr20_31497051_141180625,...20,Houston_Oc32144_118,...22,IDFG_YCT_v2_Ocl96084_64,...24,IDFG_YCT_v2_Ocl46339_34,...26,IDFG_YCT_v1_Ocl81780_58,...28,IDFG_YCT_v2_Ocl54206_70,...30,OclYSD123205_Garza,...32,IDFG_YCT_v2_Ocl11368_65,...34,Houston_Oc26415_290,...36,Ocl_Chr13_35713851_98470555,...38,Amish_ONCB_RAD_10777,...40,Ocl_Chr03_72820636_23938332,...42,IDFG_YCT_v2_Ocl519_41,...44,Amish_YCT_RAD_VAR_10439,...46,IDFG_YCT_v2_Ocl64283_57,...48,Houston_Oc14458_107,...50,IDFG_YCT_v2_Ocl74070_69,...52,IDFG_YCT_v2_Ocl81521_63,...54,IDFG_YCT_v2_Ocl82356_38,...56,IDFG_YCT_v2_Ocl30726_53,...58,IDFG_YCT_v2_Ocl49571_62,...60,IDFG_YCT_v2_Ocl2084_35,...62,IDFG_YCT_v2_Ocl11239_43,...64,IDFG_YCT_v2_Ocl55778_72,...66,IDFG_YCT_v2_Ocl50017_60,...68,IDFG_YCT_v2_Ocl70919_58,...70,Ocl_Chr11_54823421_84757779,...72,IDFG_YCT_v1_Ocl19676_45,...74,Ocl_Chr08_23127002_59937218,...76,IDFG_YCT_v2_Ocl265_70,...78,Amish_YCT_RAD_VAR_5315,...80,IDFG_YCT_v2_Ocl49447_63,...82,Ocl_Chr17_20643875_121278476,...84,IDFG_YCT_v2_Ocl17893_44,...86,Ocl_Chr01_1245617_71241,...88,Houston_Oc7137_365,...90,IDFG_YCT_v2_Ocl66566_29,...92,IDFG_YCT_v2_Ocl65458_43,...94,IDFG_YCT_v2_Ocl1388_66,...96,IDFG_YCT_v2_Ocl67496_54,...98,IDFG_YCT_v1_Ocl10752_37,...100,IDFG_YCT_v2_Ocl6421_62,...102,IDFG_YCT_v2_Ocl13566_60,...104,IDFG_YCT_v2_Ocl65556_55,...106,Amish_YCT_RAD_VAR_524,...108,IDFG_YCT_v2_Ocl1427_32,...110,IDFG_YCT_v2_Ocl67304_74,...112,Ocl_Chr01_49304682_5059357,...114,IDFG_YCT_v1_Ocl37592_62,...116,IDFG_YCT_v1_Ocl14778_68,...118,IDFG_YCT_v1_Ocl34660_49,...120,Ocl_Chr25_60480751_165272387,...122,IDFG_YCT_v2_Ocl90760_67,...124,IDFG_YCT_v1_Ocl94063_37,...126,IDFG_YCT_v2_Ocl68734_33,...128,BCT_Amish_RAD_VAR_162,...130,Ocl_Chr28_15322293_176508570,...132,IDFG_YCT_v1_Ocl59008_57,...134,BCT_Amish_RAD_VAR_123,...136,Ocl_Chr04_34213356_28219597,...138,IDFG_YCT_v2_Ocl14551_39,...140,IDFG_YCT_v2_Ocl36520_63,...142,IDFG_YCT_v1_Ocl84938_50,...144,IDFG_YCT_v2_Ocl12924_45,...146,Ocl_Chr12_30853101_89944910,...148,IDFG_YCT_v2_Ocl16282_49,...150,IDFG_YCT_v1_Ocl15057_51,...152,IDFG_YCT_v2_Ocl52778_33,...154,IDFG_YCT_v2_Ocl92711_46,...156,IDFG_YCT_v2_Ocl75459_71,...158,IDFG_YCT_v2_Ocl34053_56,...160,Ocl_Chr29_17780195_180714945,...162,IDFG_YCT_v2_Ocl7485_51,...164,Ocl_Chr27_16961377_172557845,...166,IDFG_YCT_v2_Ocl43873_47,...168,IDFG_YCT_v2_Ocl422_41,...170,IDFG_YCT_v1_Ocl22037_73,...172,IDFG_YCT_v2_Ocl9569_56,...174,Ocl_Chr29_14439470_180329363,...176,Ocl_Chr25_24758789_161407476,...178,Amish_ONCB_RAD_31309,...180,IDFG_YCT_v1_Ocl60310_26,...182,IDFG_YCT_v2_Ocl85546_44,...184,Ocl_Chr19_44285651_136670064,...186,Houston_Oc12653_72,...188,Ocl_Chr18_26129647_129072958,...190,Ocl_Chr02_10093148_9366995,...192,IDFG_YCT_v2_Ocl6060_34,...194,IDFG_YCT_v2_Ocl27300_47,...196,IDFG_YCT_v2_Ocl56509_52,...198,IDFG_YCT_v2_Ocl5447_29,...200,IDFG_YCT_v2_Ocl42464_53,...202,IDFG_YCT_v2_Ocl44431_43,...204,Ocl_Chr16_21297075_114698152,...206,Ocl_Chr18_45469522_131108058,...208,Ocl_Chr01_4263947_240975,...210,IDFG_YCT_v2_Ocl37211_48,...212,IDFG_YCT_v2_Ocl55445_29,...214,Ocl_Chr11_39252193_82950896,...216,IDFG_YCT_v1_Ocl71780_28,...218,Ocl_Chr15_19410515_108579195,...220,IDFG_YCT_v2_Ocl21864_63,...222,Ocl_Chr09_39167685_69625176,...224,IDFG_YCT_v1_Ocl63987_50,...226,Ocl_Chr17_58461865_125358635,...228,Ocl_Chr11_6830863_79676696,...230,Ocl_Chr02_58755685_14645010,...232,Ocl_Chr06_35552627_45862909,...234,IDFG_YCT_v2_Ocl2146_52,...236,IDFG_YCT_v2_Ocl31182_39,...238,Ocl_Chr17_9605415_120120519,...240,IDFG_YCT_v2_Ocl60614_28,...242,IDFG_YCT_v1_Ocl40511_53,...244,IDFG_YCT_v1_Ocl61681_32,...246,IDFG_YCT_v2_Ocl56279_67,...248,Ocl_Chr20_36341695_141577269,...250,Ocl_Chr10_54394964_78034790,...252,IDFG_YCT_v2_Ocl55912_68,...254,IDFG_YCT_v1_Ocl71066_31,...256,Ocl_Chr16_5821040_113058367,...258,IDFG_YCT_v2_Ocl54533_63,...260,IDFG_YCT_v2_Ocl78611_27,...262,IDFG_YCT_v2_Ocl54193_34,...264,IDFG_YCT_v2_Ocl23695_55,...266,IDFG_YCT_v1_Ocl46627_28,...268,IDFG_YCT_v2_Ocl60251_33,...270,IDFG_YCT_v1_Ocl84360_65,...272,IDFG_YCT_v2_Ocl77748_54,...274,IDFG_YCT_v2_Ocl44830_68,...276,Ocl_Chr14_80074953_107013785,...278,BCT_Amish_RAD_VAR_22888,...280,IDFG_YCT_v1_Ocl34332_29,...282,IDFG_YCT_v2_Ocl85788_72,...284,IDFG_YCT_v2_Ocl27652_74,...286,IDFG_YCT_v1_Ocl91407_50,...288,Ocl_Chr21_45679568_145746560,...290,IDFG_YCT_v2_Ocl89557_55,...292,IDFG_YCT_v2_Ocl62064_52,...294,BCT_Amish_RAD_VAR_47,...296,Ocl_Chr18_35134435_130052437,...298,IDFG_YCT_v2_Ocl38706_58,...300,IDFG_YCT_v1_Ocl77417_51,...302,Ocl_Chr29_23441334_181337945,...304,X2017SDYCUT,...306,IDFG_YCT_v2_Ocl76462_53,...308,IDFG_YCT_v2_Ocl94003_28,...310,Ocl_Chr01_23856908_2184084,...312,IDFG_YCT_v1_Ocl42695_26,...314,IDFG_YCT_v2_Ocl91717_43,...316,Ocl_Chr13_34569062_98344570,...318,IDFG_YCT_v1_Ocl77114_57,...320,BCT_Amish_RAD_VAR_147,...322,Ocl_Chr01_65204432_6778384,...324,IDFG_YCT_v1_Ocl88159_69,...326,Ocl_Chr24_16906646_157657003,...328,IDFG_YCT_v2_Ocl40834_41,...330,Houston_Oc29335_82,...332,IDFG_YCT_v2_Ocl92807_65,...334,Houston_Oc4332_250,...336,IDFG_YCT_v2_Ocl11315_52,...338,IDFG_YCT_v2_Ocl88352_46,...340,IDFG_YCT_v2_Ocl95170_53,...342,IDFG_YCT_v2_Ocl26454_40,...344,IDFG_YCT_v2_Ocl32300_38,...346,Ocl_Chr09_132589_65891972,...348,IDFG_YCT_v2_Ocl50071_45,...350,Houston_Oc15873_229,...352,IDFG_YCT_v2_Ocl63356_62,...354,IDFG_YCT_v1_Ocl76788_41,...356,IDFG_YCT_v1_Ocl31603_69,...358,Ocl_Chr03_54445579_22006371,...360,Ocl_Chr11_21392774_81080130,...362,Ocl_Chr20_6483466_138507676,...364,Ocl_Chr19_22044194_134075134,...366,Ocl_Chr05_61430172_39368537,...368,Ocl_Chr02_76311531_16531892,...370,Ocl_Chr06_56703154_48022435,...372,BCT_Amish_ONCB_RAD_44581,...374,Ocl_Chr18_36418251_130188244,...376,Ocl_Chr05_18555027_34575154,...378,Ocl_Chr10_22333094_74392487,...380,Ocl_Chr06_12420435_43129369,...382,Ocl_Chr09_41620059_69897246,...384,Ocl_Chr27_22043133_173151182,...386,Ocl_Chr04_4678489_25012683,...388,Ocl_Chr24_3186803_156112670,...390,Ocl_Chr25_69908699_166328532,...392,Ocl_Chr14_62417220_105680075,...394,Ocl_Chr03_46187757_21021777,...396,Ocl_Chr17_26126051_121852980,...398,Ocl_Chr08_74452534_65317301,...400,Ocl_Chr19_33933079_135391160,...402,Ocl_Chr06_32944093_45564942,...404,Ocl_Chr06_71071691_49699566,...406,Ocl_Chr16_65382802_119281196,...408,Ocl_Chr19_28187340_134737135,...410,Ocl_Chr27_26384321_173647407,...412,Ocl_Chr05_42479354_37280182,...414,Ocl_Chr11_18904366_80819009,...416,Ocl_Chr04_37222382_28545529,...418,Ocl_Chr06_49347522_47229937,...420,Ocl_Chr16_63319498_119126301,...422,Ocl_Chr19_58647860_137848971,...424,Ocl_Chr28_36489115_178685376,...426,Ocl_Chr09_12790880_66825607,...428,Ocl_Chr10_53349684_77957625,...430,Ocl_Chr09_55763419_71454240,...432,Ocl_Chr20_38432054_141654148,...434,Ocl_Chr29_38743868_182891893,...436,Ocl_Chr01_11904953_886586,...438,Ocl_Chr05_22353480_34975528,...440,Ocl_Chr23_14630597_152413591,...442,Ocl_Chr14_20673116_102159336,...444,Ocl_Chr10_32709329_75590026,...446,Ocl_Chr15_3073223_107182434,...448,Ocl_Chr08_7913543_58216480,...450,Ocl_Chr17_7063635_119896425,...452,Ocl_Chr25_28253023_161776112,...454,Ocl_Chr04_76210634_32621008,...456,Ocl_Chr17_36673466_122916670,...458,Ocl_Chr28_30520066_178158297,...460,Ocl_Chr10_35395407_75918540,...462,Ocl_Chr05_90410498_42131005,...464,Ocl_Chr09_49571462_70771512,...466,Ocl_Chr02_41111233_12592907,...468,Ocl_Chr09_48490705_70660510,...470,Ocl_Chr09_21685484_67771579,...472,Ocl_Chr22_8259981_146905324,...474,Ocl_Chr25_11233782_160156892,...476,Ocl_Chr21_50128962_145994829,...478,Ocl_Chr04_28783021_27639317,...480,Ocl_Chr08_48135323_62498005,...482,Ocl_Chr08_33342876_61016343,...484,Ocl_Chr04_66392742_31700304,...486,Ocl_Chr29_9370320_179810673,...488,Ocl_Chr02_14036883_9774445,...490,Ocl_Chr06_28577594_45059601,...492,Ocl_Chr24_39049170_159471644,...494,Ocl_Chr20_19804435_139941027,...496,Ocl_Chr19_32462945_135228332,...498,Ocl_Chr03_79199746_24455183,...500,Ocl_Chr04_33023764_28088603,...502,Ocl_Chr25_44677311_163459109,...504,Ocl_Chr09_14235478_66977774,...506,Ocl_Chr07_45996063_54719254,...508,Ocl_Chr03_36100207_20027295,...510,Ocl_Chr16_19294381_114484561,...512,Ocl_Chr03_60635751_22668909,...514,Ocl_Chr01_47294360_4844114,...516,Ocl_Chr16_14068105_113855290,...518,Ocl_Chr29_20234359_180988711,...520,Ocl_Chr18_38639143_130419135,...522,Ocl_Chr07_14856486_51326380,...524,Ocl_Chr15_39936653_110688475,...526,Ocl_Chr17_46042425_123978835,...528,Ocl_Chr18_34123442_129934400,...530,Ocl_Chr06_64424167_48985347,...532,Ocl_Chr18_44149294_130969040,...534,Ocl_Chr08_14771460_58941711,...536
OclVARI23G_2054,1,1,1,1,1,1,1,1,1,1,1,1,0,0,1,1,1,1,1,1,1,2,1,1,1,2,1,1,2,1,2,2,1,1,1,1,1,1,1,1,2,1,1,1,1,1,1,1,1,2,1,1,1,1,1,1,1,1,1,1,2,1,1,1,1,1,1,1,1,1,1,1,1,1,1,1,1,1,0,0,2,2,2,1,2,2,1,1,1,1,1,1,1,1,1,1,1,1,2,1,2,2,1,1,2,2,1,1,0,0,2,2,1,1,1,1,2,1,1,1,2,2,1,1,2,2,0,0,2,2,1,1,0,0,2,1,1,1,2,2,1,2,1,1,1,2,1,2,1,1,1,2,2,2,1,1,1,1,2,2,2,1,2,1,1,1,1,1,1,1,1,2,0,0,1,2,2,2,1,1,1,2,1,2,1,1,2,1,1,1,1,2,1,2,2,2,1,1,2,2,0,0,2,2,1,1,2,2,2,2,1,1,2,2,1,1,0,0,2,3,1,1,1,1,2,1,1,2,2,2,2,2,1,1,1,2,1,1,1,1,2,1,1,2,1,1,1,1,1,1,1,2,2,3,1,2,1,1,2,2,2,2,1,1,2,2,1,1,1,1,1,2,2,2,1,1,2,1,1,1,2,2,1,1,1,1,1,2,1,2,1,1,1,1,1,2,1,2,1,2,1,1,1,2,1,2,1,2,2,2,2,2,1,2,1,2,1,2,2,2,1,1,1,2,2,1,1,1,2,2,1,1,1,1,1,2,1,2,2,1,1,1,1,2,1,2,1,2,0,0,2,2,1,2,2,2,0,0,2,3,1,1,1,2,1,2,3,1,0,0,3,2,2,2,1,1,1,1,2,1,1,1,1,3,2,4,2,1,1,1,2,1,3,1,1,1,0,0,3,2,2,2,3,3,2,2,3,1,3,2,2,1,2,2,2,1,1,1,1,2,1,1,3,2,2,1,3,2,2,2,3,3,1,3,1,3,2,1,2,2,1,2,1,2,2,2,1,3,1,1,1,1,1,2,1,1,1,2,3,3,3,1,1,2,3,3,2,2,3,3,1,2,2,2,1,3,1,2,1,2,3,1,3,3,0,0,1,2,2,3,2,3,2,3,2,2,3,3,3,3,3,2,1,1,3,3,3,2,1,4,2,3,1,2,1,3,1,2,1,2,2,1,2,3,3,3,2,4,2,3,3,2
OclVARI23G_2055,1,1,1,1,1,1,1,1,2,1,1,1,0,0,1,1,1,1,1,1,1,2,1,1,0,0,2,1,1,1,1,1,1,1,2,1,1,1,1,1,1,1,1,1,1,1,1,2,1,1,1,2,2,1,2,1,1,1,1,1,1,1,1,2,1,2,1,1,1,1,1,1,2,2,1,1,1,1,0,0,2,2,1,1,2,2,1,1,1,1,1,1,1,1,1,1,2,1,2,1,1,1,2,1,1,1,2,1,0,0,0,0,1,1,2,1,2,1,1,2,1,1,1,1,2,2,0,0,1,2,1,1,0,0,2,1,1,1,1,1,1,2,1,1,2,2,1,2,1,2,0,0,2,2,1,1,1,1,1,2,2,2,2,2,1,1,1,1,1,1,2,1,1,1,1,1,2,2,1,1,2,1,2,2,1,2,2,2,1,1,1,2,2,2,2,2,2,1,2,2,0,0,2,2,1,1,2,2,1,1,1,1,1,2,1,1,1,2,2,2,1,2,2,1,2,3,1,3,2,1,1,1,1,1,2,1,2,1,1,1,1,1,1,1,1,1,1,1,1,1,1,2,2,1,1,2,1,1,1,1,1,2,1,1,1,2,1,1,1,2,1,1,1,2,2,2,2,1,1,1,1,2,2,2,1,2,1,1,1,1,1,1,0,0,1,2,1,1,3,1,1,1,1,1,1,2,2,2,0,0,2,1,1,1,1,2,1,1,1,2,1,2,2,2,1,1,1,1,1,2,2,1,1,2,1,1,2,2,1,1,1,2,1,1,1,2,1,1,2,2,1,1,1,2,1,1,0,0,3,2,1,3,1,1,3,3,1,3,0,0,2,2,3,2,2,2,1,1,1,1,2,1,1,1,3,3,1,1,1,2,1,1,2,1,1,1,0,0,1,2,2,2,1,3,2,3,2,1,3,3,3,3,2,2,3,3,2,1,1,1,1,2,1,1,3,2,3,2,1,1,3,3,3,1,3,3,2,2,2,2,1,1,3,3,3,3,2,3,1,1,2,3,2,1,2,3,1,2,3,3,3,3,1,3,3,3,1,1,1,2,3,2,2,2,1,1,1,2,2,2,1,1,4,2,1,2,3,2,2,2,2,1,2,1,3,1,2,2,3,3,1,2,1,2,3,1,3,1,1,3,2,2,1,1,3,3,1,2,3,1,1,3,2,1,2,2,1,4,2,2,4,3
OclVARI23G_2056,1,1,1,1,0,0,1,1,1,1,1,1,0,0,1,1,1,1,1,1,1,1,1,1,1,1,1,1,1,1,1,1,1,1,1,1,1,1,2,1,1,1,2,1,1,1,1,2,1,1,1,1,1,1,2,1,1,1,1,1,2,1,1,2,1,1,1,1,2,1,1,1,2,2,1,1,1,1,0,0,2,2,1,1,2,2,1,1,1,1,1,1,1,1,1,1,2,1,1,1,1,1,1,1,1,1,2,1,1,1,2,2,1,1,0,0,1,1,2,2,2,2,1,1,2,2,0,0,2,2,1,1,0,0,1,1,1,1,1,2,1,1,1,1,2,2,1,1,1,2,1,1,2,1,1,1,1,1,2,2,2,1,0,0,1,1,2,2,1,1,2,2,1,2,1,1,2,2,1,2,2,2,1,2,1,2,2,2,1,1,1,2,2,2,2,2,1,1,1,1,0,0,2,2,2,2,2,2,1,1,2,1,1,2,3,1,1,2,2,2,1,2,1,2,2,1,3,2,1,1,1,1,1,2,1,1,2,1,2,2,2,1,1,2,1,1,1,2,2,1,1,2,1,2,2,2,2,1,1,2,1,2,1,1,2,2,1,1,1,1,1,1,2,1,1,1,2,1,2,1,2,2,1,1,2,1,1,2,2,2,2,2,2,1,2,2,2,2,1,1,1,2,1,1,1,1,1,2,2,1,1,1,1,1,1,2,1,1,1,2,1,2,1,2,2,1,0,0,1,2,1,1,1,2,1,1,1,2,2,1,1,2,2,2,1,2,2,2,2,2,2,2,1,2,1,3,0,0,1,2,2,2,2,2,3,3,1,2,1,1,1,1,2,1,1,1,1,3,1,2,1,2,3,3,1,1,1,2,1,1,1,3,3,3,0,0,0,0,2,3,3,1,1,3,2,3,3,2,1,1,2,2,1,1,1,1,2,2,1,1,3,1,2,2,3,3,1,1,1,1,3,2,1,1,2,2,2,2,3,2,1,1,3,1,2,3,3,3,2,1,2,1,1,3,2,1,2,2,2,2,2,1,2,3,1,1,2,1,2,1,3,3,2,1,2,1,1,2,1,2,1,3,3,3,0,0,1,1,1,3,2,2,2,1,2,3,2,2,3,1,1,3,2,1,0,0,1,2,3,2,2,2,2,2,3,1,1,2,2,1,3,1,3,2,3,3,3,3,3,1,3,2
OclVARI23G_2057,1,1,1,1,1,1,1,1,1,1,1,1,0,0,1,1,1,1,1,1,2,2,1,1,1,1,2,1,1,1,1,1,1,3,1,1,1,1,1,1,2,1,2,1,1,1,1,1,1,2,0,0,1,1,1,1,2,1,1,1,1,1,1,1,1,1,2,1,1,1,1,3,1,2,1,1,1,1,0,0,2,2,1,1,2,2,0,0,1,1,2,1,1,1,1,1,1,1,2,1,2,2,0,0,1,1,1,1,0,0,1,2,1,1,1,1,1,1,1,1,1,1,1,1,2,2,0,0,2,2,1,1,0,0,1,1,1,1,1,2,1,1,0,0,2,2,1,2,1,2,1,1,2,2,1,1,1,1,2,2,3,2,2,2,1,1,1,2,1,1,1,2,0,0,1,1,2,2,1,1,2,2,1,2,2,2,2,1,1,1,1,2,2,2,1,1,2,1,1,2,0,0,3,3,1,1,2,2,1,1,1,2,2,2,3,1,0,0,3,2,2,2,1,1,3,1,1,1,1,1,1,2,1,1,0,0,2,1,0,0,1,1,1,2,2,1,2,3,1,1,1,2,1,1,1,2,1,1,1,1,1,1,1,1,2,2,2,2,1,1,2,2,2,2,0,0,1,1,2,2,1,2,2,1,2,2,1,1,1,2,2,2,0,0,1,2,2,2,1,1,1,2,1,2,1,2,1,1,2,1,2,2,1,3,1,1,1,1,2,2,1,2,0,0,2,1,2,2,2,2,2,1,1,2,1,2,1,1,1,1,1,2,2,1,1,2,1,2,2,2,1,2,0,0,1,1,0,0,1,2,1,1,2,1,3,3,1,1,2,1,2,1,1,2,1,2,1,1,3,3,3,1,1,3,3,3,3,1,1,1,2,1,0,0,0,0,0,0,3,3,2,3,1,3,2,2,1,1,2,1,1,3,2,2,2,2,2,1,1,3,2,1,1,2,1,3,1,2,2,2,2,3,3,1,2,1,3,3,1,1,2,3,1,3,3,3,1,2,2,2,1,2,2,1,1,3,2,2,2,2,2,2,3,2,1,1,1,3,3,2,1,1,2,1,3,3,2,2,1,3,2,1,2,2,3,2,1,3,2,1,3,2,2,2,2,3,2,2,3,3,3,1,3,1,3,3,3,3,2,1,2,1,3,3,3,2,2,2,1,2,3,4,3,1,1,4,1,1,2,2,2,1
OclVARI23G_2058,1,1,1,1,1,1,1,1,1,1,1,1,0,0,1,1,1,1,1,1,2,2,1,1,1,1,1,1,1,1,1,1,1,1,1,1,1,1,1,1,1,1,2,1,2,1,1,1,1,1,1,1,2,1,1,1,1,1,1,1,1,1,1,1,1,1,1,1,1,1,2,1,2,2,2,2,1,1,0,0,2,1,2,1,2,2,2,2,1,1,2,1,1,1,1,1,1,1,2,1,1,1,2,1,1,2,1,1,0,0,1,2,2,1,1,1,1,1,1,1,1,2,0,0,0,0,0,0,2,2,1,2,0,0,1,1,1,1,1,1,1,1,2,2,2,2,1,2,2,2,1,2,2,1,1,1,2,1,2,2,2,2,2,1,1,1,1,1,2,2,2,2,0,0,0,0,1,2,1,1,2,2,2,2,2,2,2,2,2,2,1,1,2,2,1,2,1,1,1,2,0,0,3,2,2,2,1,2,1,1,1,1,2,2,1,2,0,0,2,2,2,2,1,1,1,3,1,1,2,1,1,2,1,1,0,0,1,1,0,0,1,1,2,2,2,2,1,2,2,1,2,2,1,1,2,2,2,2,1,2,1,1,2,2,2,2,0,0,1,2,1,1,2,1,0,0,2,1,1,1,1,2,1,1,2,1,1,1,1,2,2,2,0,0,1,2,1,2,1,1,1,1,1,2,1,1,2,2,0,0,2,1,1,3,1,1,1,1,1,1,1,2,1,1,2,1,1,2,1,1,1,1,1,1,1,1,2,2,1,1,1,2,2,2,1,2,2,2,2,2,1,1,1,1,2,1,0,0,1,2,1,2,1,2,1,3,3,1,2,2,3,1,2,1,2,1,0,0,3,3,2,1,3,3,1,1,2,2,2,3,1,2,0,0,0,0,0,0,3,1,1,2,2,1,2,3,3,2,1,3,2,3,1,2,1,1,1,2,1,3,3,2,2,3,3,3,2,3,0,0,2,3,3,1,3,2,2,2,1,2,1,1,3,1,3,1,3,2,2,3,1,1,3,2,3,3,2,2,3,2,3,3,0,0,3,3,3,3,3,1,1,3,1,1,3,1,2,1,1,3,1,2,4,1,2,2,1,1,2,3,2,2,2,2,2,3,3,3,1,4,1,1,1,1,1,3,1,1,1,4,3,3,2,2,1,3,1,3,1,3,4,2,2,1,2,3,4,4,4,2,3,3
OclVARI23G_2059,1,1,1,1,1,1,1,1,1,1,1,1,0,0,1,1,1,1,1,1,2,2,1,1,1,1,1,1,1,1,1,1,1,1,1,1,1,1,1,1,1,1,1,1,1,1,1,1,1,2,1,1,1,1,2,1,1,1,1,1,1,1,1,1,1,1,1,1,1,1,1,1,1,2,1,1,1,1,0,0,2,2,1,1,2,2,2,1,1,1,1,1,1,1,1,2,1,1,2,1,1,1,1,1,1,1,2,1,0,0,1,1,1,1,2,1,1,1,1,2,1,1,1,1,2,2,1,1,2,2,1,1,0,0,1,1,1,1,1,1,1,2,1,2,2,2,1,1,1,1,1,1,2,2,1,2,1,1,2,2,1,2,2,1,1,1,1,2,1,2,2,2,0,0,2,2,2,2,1,1,2,1,0,0,2,1,2,2,1,1,1,1,2,2,1,1,2,2,2,2,1,1,2,2,1,1,1,2,1,1,0,0,2,2,3,3,1,2,2,2,2,2,1,1,1,3,1,1,1,2,1,2,1,1,1,1,1,1,1,1,2,2,1,1,1,3,1,1,2,1,1,2,1,1,2,2,2,2,1,2,1,2,1,1,1,2,0,0,1,1,2,2,1,1,1,1,1,1,2,1,2,2,2,1,1,1,1,2,2,2,1,1,2,3,1,2,2,2,3,2,1,1,1,1,1,2,1,1,2,1,2,1,2,1,1,2,1,2,1,1,1,2,2,1,2,2,2,2,2,2,2,2,1,2,2,2,2,2,2,1,1,2,1,1,2,2,1,1,2,2,1,1,1,2,2,2,0,0,1,1,1,1,1,1,3,3,3,3,0,0,2,1,1,2,2,1,1,3,3,1,2,1,1,2,1,1,2,2,1,2,1,1,3,1,1,1,0,0,3,3,3,3,3,3,2,2,2,1,0,0,3,3,2,2,2,2,2,1,2,1,3,1,1,2,3,1,3,1,2,2,1,1,1,3,3,1,2,1,2,2,3,1,1,1,2,2,2,2,1,1,2,1,1,3,1,3,3,2,1,3,3,2,3,3,3,1,2,2,1,1,2,1,1,1,2,3,1,2,2,2,1,2,2,2,2,2,2,2,2,1,2,1,3,2,3,3,4,3,3,4,1,3,1,2,3,3,2,3,4,4,2,2,1,3,3,1,1,1,3,2,4,1,1,4,2,3,2,4,2,2,2,3
OclVARI23G_2060,1,1,1,1,0,0,1,1,1,1,2,1,0,0,1,1,1,1,1,1,1,2,1,1,1,1,1,1,1,1,1,1,1,1,1,1,1,1,1,1,1,1,1,1,1,1,1,1,1,1,1,2,1,1,1,1,1,1,1,1,1,1,1,1,1,2,1,1,1,1,1,1,1,2,1,1,1,1,0,0,2,2,2,2,2,2,2,1,1,1,2,1,1,1,1,1,1,1,1,1,1,1,2,1,1,2,2,1,0,0,1,2,1,1,2,1,2,1,1,1,1,1,1,1,2,2,0,0,2,2,1,1,0,0,1,1,2,2,1,1,1,1,1,1,2,2,2,2,1,2,1,1,2,2,1,1,1,1,1,2,2,3,2,2,1,1,1,1,1,2,2,1,0,0,1,2,2,2,1,1,2,3,2,2,2,1,2,2,1,1,1,1,2,2,2,2,2,1,2,2,0,0,2,2,2,1,1,2,1,1,2,1,1,2,1,3,2,2,2,2,2,2,1,2,3,1,1,1,3,1,1,1,1,1,0,0,1,1,2,1,2,1,1,2,1,2,1,3,2,1,1,2,1,1,1,2,2,1,1,1,2,2,1,2,1,1,2,2,1,1,1,2,1,1,1,1,1,1,2,1,1,1,1,1,2,2,2,2,1,1,1,1,3,1,1,2,1,2,2,2,1,2,2,2,1,2,2,1,2,1,1,1,1,1,1,1,2,2,2,1,1,1,2,1,1,1,2,2,1,2,1,1,1,1,1,2,1,2,2,1,1,2,2,1,1,1,2,2,1,2,2,2,1,2,2,1,0,0,1,2,2,2,2,1,1,3,1,1,0,0,1,1,2,2,1,2,2,3,3,3,1,1,3,1,1,3,2,1,1,2,2,1,1,1,2,1,0,0,3,2,1,2,2,3,0,0,1,1,2,3,1,2,1,2,2,1,2,2,2,3,1,1,2,2,3,3,3,3,1,2,1,3,1,3,3,3,2,2,1,2,1,3,1,3,2,2,3,3,3,2,2,3,3,1,1,3,2,3,3,3,1,1,3,3,3,1,2,2,1,2,3,3,2,1,1,1,2,1,2,2,3,3,3,3,2,1,2,2,3,1,3,1,1,1,1,3,2,3,3,3,3,3,1,3,2,2,3,1,2,2,3,2,1,1,2,3,2,3,2,3,4,3,1,1,3,1,4,2,2,1,1,4
OclVARI23G_2061,1,1,1,1,1,1,1,1,1,1,1,1,0,0,1,1,1,1,1,1,1,2,1,1,1,2,1,1,1,1,2,1,1,1,1,1,1,1,1,1,2,1,1,1,1,1,1,1,1,1,1,1,1,1,1,1,1,1,1,1,2,2,1,1,1,1,1,1,1,1,2,1,1,2,2,1,1,1,0,0,2,2,1,1,2,2,0,0,1,1,1,1,1,1,1,1,1,1,1,1,1,2,1,1,1,1,1,1,0,0,1,2,1,1,2,1,1,1,1,2,1,2,1,1,2,2,0,0,2,2,1,1,0,0,1,1,1,1,2,2,1,2,0,0,2,2,1,1,1,1,1,1,2,2,1,1,1,1,2,2,1,2,0,0,2,1,1,1,1,1,2,1,0,0,2,2,2,2,1,2,1,2,0,0,1,1,1,2,1,1,1,2,1,2,2,2,2,1,2,2,0,0,2,2,1,2,2,2,1,1,1,1,2,2,1,1,2,2,3,2,2,2,2,1,2,1,1,1,1,2,1,2,1,1,0,0,2,2,0,0,2,2,1,1,1,1,1,1,2,1,2,2,1,1,2,2,2,2,2,2,1,2,1,1,1,2,1,2,1,1,2,2,1,1,1,1,2,2,1,1,1,2,2,1,1,2,1,1,1,2,1,1,0,0,1,2,1,2,2,2,1,2,1,2,2,2,1,1,2,1,2,1,1,2,1,1,1,1,1,2,1,2,2,2,2,2,0,0,1,2,2,2,1,1,1,1,1,2,2,1,2,2,1,1,1,2,1,2,2,2,2,2,0,0,2,2,0,0,2,1,2,1,1,1,3,3,3,1,0,0,1,2,2,1,2,1,1,1,3,1,1,2,1,2,4,1,1,2,2,2,1,1,0,0,0,0,0,0,3,1,2,3,2,2,3,2,2,2,3,3,1,3,2,2,1,2,3,2,1,2,3,1,2,3,1,1,2,2,2,2,3,1,3,1,3,3,2,2,2,2,1,1,1,1,1,1,2,3,2,1,1,1,2,3,1,1,2,1,1,3,3,2,3,2,3,3,2,2,1,1,1,2,3,2,3,1,2,2,1,2,1,1,2,3,1,2,2,2,2,3,2,3,2,2,2,1,3,3,0,0,0,0,2,2,3,2,2,2,4,4,3,3,1,3,1,3,1,1,1,3,2,4,1,3,3,2,4,4,2,3,2,3
OclVARI23G_2062,1,1,1,1,1,1,1,1,1,1,1,1,0,0,1,1,1,1,1,1,2,2,1,1,1,1,2,1,1,1,1,1,1,1,1,1,1,2,1,1,1,1,2,1,1,1,1,1,1,1,1,1,1,1,2,1,1,1,1,1,1,1,1,1,1,1,1,3,2,1,1,1,1,2,1,1,2,1,0,0,2,2,1,2,2,2,0,0,1,1,1,1,1,1,1,1,1,1,1,1,1,1,1,1,1,1,2,2,0,0,2,2,2,1,1,1,1,1,1,1,1,1,1,1,2,2,0,0,2,2,1,2,0,0,1,1,2,2,1,2,1,2,1,1,1,1,1,1,1,2,1,2,2,2,1,1,1,1,2,2,2,2,2,2,2,1,1,1,1,2,2,2,1,1,1,2,2,2,1,2,2,2,2,2,1,1,2,1,1,2,1,1,1,2,1,1,1,1,1,2,2,2,3,2,2,2,1,2,1,1,1,2,2,2,3,1,1,2,2,2,1,2,3,1,2,1,1,1,1,1,1,1,1,2,2,2,1,1,2,1,2,1,1,1,1,1,3,1,1,1,1,2,2,2,2,2,2,1,1,2,2,2,1,1,2,2,0,0,1,2,1,2,1,1,1,1,1,1,2,1,1,2,1,1,2,2,2,2,1,2,1,1,0,0,2,2,1,2,1,3,1,1,1,2,1,2,2,2,2,1,2,2,1,1,1,2,1,2,1,2,2,2,1,2,2,1,1,1,1,2,2,1,2,2,1,2,1,2,2,1,1,2,1,2,2,2,2,2,2,2,1,1,1,2,1,2,0,0,1,1,3,1,1,2,3,3,3,3,0,0,1,1,2,1,1,3,3,1,3,3,1,1,3,3,1,1,2,2,1,1,2,2,1,3,3,3,0,0,2,1,1,3,3,1,3,3,3,1,2,2,1,1,3,1,1,2,1,1,1,1,1,3,1,3,3,2,2,3,1,1,1,3,1,3,1,1,2,2,2,1,2,1,1,3,1,3,1,3,2,1,2,2,2,2,2,2,1,2,3,1,3,1,2,2,1,2,2,3,1,1,3,3,2,3,2,1,2,2,1,3,3,1,1,3,0,0,1,1,3,3,3,3,1,3,3,3,2,1,3,3,2,2,2,1,3,1,3,3,3,1,2,3,2,1,3,3,2,2,2,2,4,3,4,1,2,1,4,1,3,3,2,3
OclVARI23G_2063,2,1,1,1,0,0,1,1,1,1,1,1,1,1,1,1,1,1,1,1,2,2,1,1,1,1,1,1,1,1,1,1,1,1,2,1,1,1,1,1,2,1,1,1,1,1,1,1,1,1,1,1,1,1,1,1,1,1,2,1,2,1,1,1,1,1,2,2,1,1,1,1,1,2,2,1,2,1,0,0,2,2,1,1,1,2,1,1,1,1,2,1,1,1,1,1,1,1,2,1,1,1,1,1,1,1,1,1,0,0,1,2,1,1,2,1,1,1,1,1,1,2,1,1,1,2,0,0,1,2,1,2,0,0,2,1,1,1,1,2,1,1,1,1,2,2,1,1,0,0,1,1,2,2,1,1,2,1,1,2,1,1,0,0,2,1,1,1,1,2,2,1,2,2,1,1,1,1,1,2,2,1,2,2,2,2,2,2,2,2,1,1,1,2,2,2,2,2,2,2,0,0,2,2,2,2,2,2,2,2,1,1,2,2,3,3,2,2,1,2,1,1,2,2,1,2,3,2,2,1,1,1,1,2,1,2,1,1,0,0,1,1,1,1,3,1,1,1,2,2,1,2,1,1,1,2,2,1,2,2,2,2,1,1,2,2,0,0,1,2,1,2,2,1,2,1,1,1,2,1,2,2,2,2,2,2,2,2,1,1,1,1,0,0,2,2,1,1,1,1,1,1,1,1,1,1,1,2,1,1,1,1,3,1,2,2,1,1,1,1,1,1,1,2,2,1,2,2,1,2,2,2,1,1,1,2,2,2,2,2,1,1,1,1,1,2,2,2,1,2,2,2,0,0,1,1,0,0,1,1,2,2,2,2,1,3,2,1,2,2,1,2,2,2,1,1,3,3,3,3,1,2,1,2,3,3,2,2,1,1,3,3,3,3,0,0,0,0,3,3,2,2,1,3,1,3,1,1,2,2,1,1,2,2,2,1,2,1,1,3,1,1,1,1,3,1,1,2,3,1,3,1,2,1,3,3,3,1,2,1,2,2,1,2,1,3,2,2,1,2,2,1,1,3,1,1,1,2,2,3,3,1,3,1,3,3,1,2,3,3,1,1,1,2,3,2,2,2,1,1,1,2,2,4,1,1,3,2,1,1,2,2,3,1,2,2,1,1,3,3,2,2,1,2,2,2,2,3,3,1,3,3,3,1,2,1,1,1,2,2,4,2,1,4,1,1,4,4,2,1,3,2
OclVARI23G_2064,1,1,1,1,1,1,1,1,1,1,1,1,0,0,1,1,1,1,1,1,2,2,1,1,1,2,1,1,1,1,2,1,1,1,1,1,2,1,1,1,1,1,1,1,1,1,1,1,1,2,1,1,1,1,2,1,1,1,1,1,2,2,1,1,1,1,1,1,1,1,1,2,1,2,2,1,1,1,0,0,2,2,1,1,2,2,2,1,1,1,1,1,1,1,1,1,1,1,2,1,1,2,1,1,1,1,1,1,0,0,2,2,1,1,2,1,1,1,1,2,1,1,1,1,2,2,0,0,2,2,1,1,0,0,2,1,2,1,1,2,1,2,2,1,1,2,1,1,1,1,2,2,2,1,1,2,1,1,1,2,2,2,2,1,1,1,1,2,1,1,2,2,0,0,2,2,2,2,1,2,1,1,2,2,1,2,1,1,1,1,1,2,1,2,2,2,2,1,2,2,1,1,2,2,1,2,1,2,1,2,1,2,2,2,1,3,1,1,2,2,1,2,1,2,1,1,2,2,2,1,1,2,1,1,1,2,2,1,0,0,2,2,1,1,1,1,1,1,2,1,1,2,1,1,1,2,2,2,2,2,1,1,1,1,1,2,0,0,1,2,1,2,1,1,1,1,1,1,1,1,1,2,2,2,1,1,1,2,2,2,1,1,3,1,1,1,1,2,2,2,1,2,1,2,1,2,1,1,1,1,2,1,1,3,2,2,1,2,1,1,2,2,2,1,2,1,1,2,1,1,2,1,1,2,1,2,1,2,1,1,1,1,1,1,1,2,1,2,2,2,2,2,0,0,2,3,0,0,2,2,2,1,2,1,1,3,3,3,2,1,2,3,2,2,2,1,1,1,3,1,1,1,2,2,3,1,2,2,1,2,1,1,3,1,1,1,0,0,3,3,3,3,1,3,2,2,3,1,2,2,1,1,2,2,2,1,2,3,2,1,1,1,1,2,3,3,2,3,2,1,2,1,2,3,3,1,1,2,2,1,3,2,1,1,1,1,2,3,1,1,1,1,1,2,1,1,3,2,1,2,2,3,3,3,3,1,2,2,1,1,1,2,1,3,1,3,2,2,1,2,3,1,2,3,3,2,2,3,1,1,3,3,2,3,2,1,3,4,3,1,2,3,1,1,2,3,2,2,3,4,2,2,3,2,3,1,3,1,1,3,1,1,1,1,2,3,3,2,2,2,3,2
OclVARI23G_2065,1,1,1,1,1,1,1,1,1,1,1,1,0,0,1,1,1,1,1,1,2,2,1,1,1,2,1,1,1,1,1,1,1,1,2,1,1,1,1,1,1,1,1,1,1,1,1,1,1,2,1,1,1,1,1,1,1,1,2,1,2,1,1,1,1,1,1,1,2,1,1,1,1,2,1,1,1,1,0,0,2,2,1,2,2,2,2,1,1,1,1,1,1,2,1,1,1,1,2,1,1,2,2,1,1,2,1,1,0,0,2,2,1,1,1,1,1,1,1,1,1,1,1,1,1,2,0,0,2,2,1,2,0,0,2,1,1,1,1,1,1,2,1,1,2,2,1,1,1,1,1,1,2,1,1,1,1,1,1,2,2,1,2,2,1,1,1,1,1,1,2,2,0,0,1,1,1,2,1,2,2,2,2,2,1,1,2,2,1,1,1,2,1,2,2,2,2,1,2,2,0,0,3,2,1,2,1,1,2,2,2,1,0,0,3,1,2,2,2,2,1,2,2,1,3,1,1,1,3,1,1,2,1,1,0,0,2,1,1,1,2,1,2,2,1,1,3,2,1,1,1,1,1,1,1,1,1,1,1,1,1,2,1,2,1,2,0,0,1,1,1,1,1,1,1,1,1,1,1,1,2,2,2,1,2,1,1,2,1,2,1,1,0,0,1,1,2,2,1,1,1,2,2,2,1,1,2,1,0,0,2,1,1,1,1,2,1,1,2,1,0,0,2,2,2,1,1,2,2,2,2,1,1,2,1,2,1,2,2,2,2,2,1,1,1,2,2,2,2,2,1,2,1,2,1,2,0,0,1,3,2,2,1,1,3,3,2,3,0,0,1,1,2,2,1,1,1,1,1,1,2,1,1,3,3,1,2,2,1,2,3,1,0,0,0,0,1,3,3,3,2,1,3,1,2,3,2,3,2,2,3,1,2,2,1,2,2,2,2,2,2,2,1,2,2,2,1,3,3,3,1,1,3,3,1,1,2,2,1,2,3,1,2,1,2,1,2,1,2,1,2,1,2,1,1,2,1,1,3,1,2,3,3,2,1,1,1,1,1,1,1,2,1,2,1,2,3,1,1,2,1,3,4,3,1,1,3,1,3,2,1,3,2,3,3,2,3,3,1,3,2,1,3,4,1,2,3,2,3,1,3,3,3,3,1,3,0,0,3,3,4,2,1,1,3,3,3,4,2,3,3,1
OclVARI23G_2066,2,1,1,1,1,1,1,1,1,1,1,1,0,0,1,1,1,1,1,1,2,2,1,1,1,1,1,2,2,1,1,1,1,1,1,1,1,1,1,1,1,1,1,1,1,1,1,1,1,1,1,1,1,1,2,1,1,1,1,1,1,1,1,2,1,1,1,1,1,1,1,3,2,2,1,1,1,1,0,0,2,2,1,2,2,2,1,1,2,1,1,1,1,1,1,1,1,1,2,1,1,1,2,1,1,1,1,1,0,0,1,1,1,1,1,1,2,1,1,1,1,1,1,2,2,2,0,0,1,2,1,1,0,0,2,1,2,2,1,1,1,1,1,1,1,2,1,2,1,1,0,0,2,2,1,1,1,1,2,2,2,2,2,1,2,1,1,2,1,1,1,2,1,1,1,2,1,2,1,2,2,2,1,2,1,1,2,1,1,1,1,2,1,2,2,2,2,1,1,2,2,1,2,2,1,2,2,2,2,2,1,1,2,2,1,1,1,1,2,2,1,1,2,1,3,1,1,1,2,1,1,1,1,1,0,0,1,1,0,0,2,2,1,2,1,1,2,3,1,1,1,2,1,1,1,2,1,1,1,2,1,2,1,1,1,2,1,2,1,1,1,2,2,2,1,1,1,1,2,1,1,2,2,1,2,2,1,2,1,1,2,1,1,1,1,1,2,2,1,1,1,2,1,1,1,2,2,2,2,1,1,1,1,1,2,2,1,1,1,1,2,2,2,2,2,2,1,1,2,2,2,2,1,1,1,2,1,2,1,1,1,1,1,2,1,1,1,2,1,1,2,2,1,2,3,2,0,0,2,2,2,2,2,1,3,1,3,1,1,1,3,2,1,1,1,1,0,0,3,3,1,1,3,3,4,2,3,1,2,2,1,2,2,1,1,1,0,0,2,3,3,3,2,2,1,3,2,2,2,2,1,3,1,2,2,1,3,2,3,2,2,1,1,2,1,1,2,2,2,1,3,3,1,1,2,3,1,1,2,1,3,1,1,1,1,2,1,3,1,1,2,1,3,3,1,1,1,1,3,3,2,3,2,3,3,1,2,2,3,1,1,1,0,0,3,1,3,2,2,2,1,1,3,2,3,3,3,2,3,2,3,3,2,3,2,1,1,2,3,3,3,1,1,1,2,1,3,3,3,4,3,3,2,3,2,3,2,2,3,2,4,2,1,1,3,3,4,3,2,1,2,2
OclVARI23G_2067,1,1,1,1,1,1,1,1,1,1,1,1,1,1,1,1,1,1,1,1,1,2,1,1,1,1,1,1,1,1,1,1,1,1,1,1,1,1,1,1,2,2,1,1,1,1,1,1,1,2,1,1,1,1,1,1,1,1,1,1,1,1,1,1,2,2,1,1,1,1,1,2,2,2,2,1,1,1,0,0,2,2,2,1,2,2,1,1,1,1,1,1,1,1,1,1,2,1,1,1,1,2,1,1,1,1,1,1,0,0,2,2,1,1,2,1,1,1,1,1,1,1,1,2,2,2,0,0,2,2,1,1,0,0,2,1,2,1,1,1,1,1,2,1,2,2,1,1,1,1,1,1,2,2,1,2,1,1,1,1,2,2,2,2,2,1,1,1,1,1,2,2,0,0,1,1,2,2,1,1,1,2,1,2,2,1,2,1,1,1,2,2,1,2,1,1,1,1,1,2,0,0,3,2,1,1,2,2,1,1,1,2,2,2,1,1,2,2,3,2,1,1,1,1,2,3,1,1,1,1,1,2,1,1,0,0,2,1,2,1,2,1,1,1,3,1,1,2,2,1,1,1,1,1,2,2,2,1,1,1,1,2,1,1,2,2,1,2,1,2,1,2,2,2,1,1,2,1,2,1,1,2,2,1,2,2,1,1,1,1,1,1,0,0,2,2,2,2,2,1,1,2,1,1,2,2,1,1,2,1,2,1,1,2,1,1,2,2,2,1,1,1,1,2,2,2,1,2,1,1,1,1,1,2,1,2,1,2,1,1,1,2,2,1,1,1,1,1,1,1,1,1,0,0,1,1,0,0,1,2,2,2,1,2,3,2,1,1,2,1,1,2,1,3,2,1,3,3,3,3,1,1,2,1,3,1,1,2,2,1,2,1,2,2,1,1,0,0,3,1,3,3,3,1,1,3,3,3,1,2,1,1,1,3,2,3,2,2,1,2,2,2,2,1,1,3,3,1,0,0,3,1,3,2,1,1,2,2,3,2,1,3,1,3,3,1,3,2,1,1,2,2,3,3,1,1,3,2,1,2,1,3,3,2,3,3,2,1,1,1,3,3,1,4,1,3,2,2,2,3,3,3,3,2,1,2,3,3,1,3,2,3,2,1,2,3,2,2,3,3,3,3,1,2,2,2,3,3,2,1,3,2,2,1,2,3,2,3,3,3,1,3,4,4,2,1,3,1,2,4,1,2
OclVARI23G_2068,1,1,1,1,0,0,1,1,1,1,1,1,0,0,1,1,1,1,1,2,1,2,1,1,1,1,1,1,1,1,1,1,1,3,1,1,1,1,1,1,1,1,1,1,1,1,1,1,1,1,1,1,1,1,2,2,1,1,1,1,1,1,1,2,1,1,1,1,1,1,1,3,2,2,0,0,1,1,0,0,2,2,1,1,2,2,1,1,2,1,2,1,1,1,1,1,1,1,1,1,1,2,1,1,1,1,2,1,0,0,2,2,2,1,2,2,1,2,1,2,1,2,1,1,2,2,0,0,2,2,1,2,0,0,1,1,1,1,1,1,1,2,2,1,2,2,1,2,1,1,1,1,2,2,1,2,2,1,2,2,1,1,2,1,1,1,1,2,1,1,2,2,0,0,1,1,1,2,1,1,2,2,1,2,2,2,2,1,1,2,2,2,1,2,2,2,2,1,0,0,2,2,2,2,2,1,2,2,1,2,1,3,2,2,1,2,1,2,2,2,2,2,1,1,1,1,1,2,1,1,1,1,2,2,1,1,1,1,2,1,2,1,1,2,3,2,3,1,2,1,1,1,1,1,2,2,1,1,1,1,1,1,1,2,2,2,1,1,2,2,1,1,2,2,1,1,2,2,1,1,1,1,2,1,2,1,1,2,2,2,2,2,1,3,1,1,1,2,1,1,1,1,1,1,1,1,2,2,1,1,2,1,1,1,2,2,1,2,2,1,2,2,2,2,1,1,1,2,1,2,2,2,2,2,1,2,1,2,2,1,1,2,1,2,2,2,1,2,1,2,1,2,0,0,2,1,0,0,1,1,2,2,2,1,3,3,1,1,1,1,3,1,1,2,2,2,2,3,1,3,1,2,2,3,1,1,2,2,3,1,1,1,2,3,3,3,0,0,2,1,2,2,3,2,3,3,2,2,2,2,3,2,1,1,2,1,3,2,1,1,1,1,2,2,3,1,1,1,1,1,3,1,3,3,3,3,2,2,2,1,1,1,2,3,1,2,3,1,3,2,2,1,1,1,1,2,1,3,2,3,1,1,2,1,3,1,1,3,1,1,2,3,2,1,3,1,2,1,1,2,3,2,3,1,1,1,3,2,3,3,2,2,2,2,3,1,3,3,1,1,2,3,1,2,1,2,1,2,2,2,1,3,3,3,2,1,2,1,2,2,4,4,1,1,3,4,4,4,1,1,1,1
OclVARI23G_2069,1,1,1,1,1,1,1,1,1,1,1,1,1,1,1,1,1,1,1,1,2,2,1,1,1,1,1,1,1,1,2,1,1,1,2,1,1,1,1,1,1,1,1,1,1,1,1,1,1,2,1,1,1,1,2,1,1,1,1,1,1,1,1,2,1,1,1,1,1,1,1,1,1,2,2,1,1,1,0,0,1,1,1,2,2,2,2,2,1,1,1,1,1,2,1,1,1,1,2,1,2,2,1,1,1,2,1,1,0,0,1,2,1,1,2,1,1,1,1,1,1,1,1,2,2,2,0,0,2,2,1,1,0,0,1,1,2,1,1,1,1,1,1,1,1,1,1,1,1,2,1,1,2,2,1,1,1,1,2,2,1,2,1,1,1,1,1,1,1,2,2,2,0,0,1,2,2,2,1,1,2,2,1,2,1,1,2,2,1,1,1,2,2,2,2,2,2,1,1,1,1,1,2,2,1,2,2,2,1,1,3,3,1,2,3,1,2,2,2,2,2,2,1,1,3,1,3,1,1,1,1,1,1,1,2,2,2,2,2,1,2,1,1,1,1,2,3,1,2,1,2,2,1,1,2,2,2,1,1,2,2,2,1,1,1,2,0,0,2,2,1,1,2,2,1,1,1,1,2,1,1,1,1,1,2,2,1,2,2,2,2,2,0,0,1,1,1,2,3,1,1,1,1,1,1,2,2,2,2,1,2,1,3,1,1,2,1,2,1,1,1,2,1,1,2,1,1,2,0,0,2,2,1,1,1,2,1,2,2,1,2,2,1,1,1,2,1,1,1,2,1,2,0,0,1,1,0,0,2,2,2,2,2,2,3,3,3,1,0,0,2,1,3,3,1,2,3,1,1,3,1,1,3,1,2,1,2,2,1,1,1,2,3,3,0,0,0,0,3,1,1,1,1,1,2,1,3,1,3,2,3,1,1,2,3,2,2,1,1,1,1,1,1,1,2,2,3,3,2,1,2,1,3,1,1,3,2,2,3,3,2,2,2,1,1,2,1,2,2,1,3,3,2,1,2,1,3,1,3,3,1,1,2,3,1,3,1,2,1,1,1,3,2,1,1,1,2,3,2,2,3,3,3,3,1,3,1,3,1,1,1,2,2,3,3,3,3,2,3,1,2,1,4,2,1,1,2,2,1,1,3,3,3,3,3,1,3,3,3,1,1,2,4,1,1,1,1,4,2,1,3,1
OclVARI23G_2070,1,1,1,1,1,1,1,1,0,0,1,1,0,0,1,1,1,1,1,1,2,2,1,1,1,1,1,1,1,1,1,1,1,1,1,1,1,1,1,1,0,0,1,1,2,1,1,1,1,2,1,1,2,1,2,1,1,1,1,1,2,1,1,1,1,1,1,1,1,1,3,1,2,2,1,1,1,1,0,0,2,2,1,1,2,2,1,1,2,2,1,1,1,1,1,1,1,1,1,1,1,2,2,1,1,1,1,1,0,0,2,2,2,1,2,1,1,1,1,1,2,2,1,1,2,2,0,0,2,2,1,1,0,0,2,1,1,1,1,2,1,1,1,1,1,2,1,1,1,1,1,1,2,1,1,2,1,1,2,2,2,2,2,1,2,2,1,1,1,2,2,2,0,0,1,1,1,2,1,1,1,3,2,2,1,1,2,1,1,1,2,2,2,2,2,2,1,1,2,2,1,1,3,3,2,1,2,2,1,2,1,1,1,2,3,3,0,0,2,2,2,2,1,1,3,1,1,3,2,1,1,2,1,2,2,2,1,1,2,1,2,2,1,1,1,1,1,1,2,1,1,2,1,1,1,2,1,1,1,2,1,1,2,2,2,2,0,0,1,2,1,2,2,2,2,1,2,2,1,1,1,2,2,2,1,1,1,1,1,2,2,1,0,0,1,2,1,1,1,1,1,1,1,2,1,1,1,2,2,2,1,1,1,1,2,2,1,2,1,2,2,2,2,2,2,1,2,2,1,1,1,1,2,2,1,2,1,2,1,1,1,1,2,2,1,2,1,1,1,2,2,2,1,1,2,2,0,0,1,2,2,1,2,2,3,3,1,3,0,0,1,1,2,1,2,2,3,1,2,3,1,1,1,2,4,3,1,1,2,3,1,1,2,2,1,3,0,0,3,3,2,2,3,3,2,3,1,1,2,3,1,3,2,2,2,2,2,2,1,1,3,3,3,2,3,2,1,1,1,1,1,2,3,1,2,1,1,2,2,1,2,3,1,2,1,1,3,1,2,3,1,3,1,3,1,1,1,2,1,3,3,1,2,2,1,3,1,1,1,1,3,3,1,1,1,1,1,1,1,1,1,2,2,2,2,1,3,1,3,1,3,3,3,1,3,2,4,2,3,3,1,2,1,1,2,1,1,1,2,3,2,3,3,3,3,1,3,1,1,1,2,3,1,1,1,3,1,2,1,2,1,2
OclVARI23G_2071,1,1,1,1,1,1,1,1,1,1,1,1,0,0,1,1,1,1,2,2,2,2,1,1,0,0,1,1,2,1,2,2,1,1,1,1,1,1,1,1,1,1,1,1,2,1,1,1,1,1,0,0,1,1,1,1,1,1,1,1,2,2,1,1,1,2,1,1,1,1,1,1,1,2,1,1,1,1,0,0,2,2,1,1,2,2,1,1,1,1,2,1,1,1,1,1,1,1,2,1,2,2,1,1,1,1,1,1,0,0,2,2,1,1,1,1,1,2,1,2,1,1,1,1,2,2,0,0,1,2,1,1,0,0,1,1,0,0,1,1,1,1,1,1,1,2,1,1,1,1,2,2,2,2,1,1,1,1,2,2,2,2,2,2,2,1,1,2,1,2,2,2,0,0,1,1,2,2,1,1,2,2,1,2,1,1,2,2,1,1,1,1,2,2,2,2,2,1,2,2,0,0,2,2,1,2,1,2,1,2,1,1,1,2,1,1,1,1,2,2,2,2,3,1,1,2,1,1,1,2,1,1,1,2,1,1,1,1,2,1,2,1,1,1,1,1,2,1,2,1,1,2,1,1,2,2,2,1,1,1,1,2,1,2,1,2,1,1,1,2,1,1,1,2,0,0,2,1,1,1,1,1,2,2,1,1,1,2,1,2,2,1,0,0,1,1,1,2,1,2,1,2,2,2,1,2,2,1,2,1,2,2,1,1,1,2,1,1,1,1,2,2,2,1,2,1,1,1,1,2,2,1,1,2,1,1,1,2,1,1,1,2,1,1,1,1,1,2,1,2,2,2,2,2,3,1,0,0,2,2,1,2,1,2,1,3,3,3,0,0,1,2,2,2,1,1,1,3,3,3,2,2,3,3,2,2,2,1,2,2,1,3,2,2,0,0,0,0,1,3,3,3,2,3,2,1,2,2,2,2,1,1,2,1,2,3,2,2,1,1,2,1,2,2,1,2,2,1,2,1,1,2,2,1,1,3,2,2,2,2,3,1,1,1,2,1,2,1,3,2,1,2,2,2,1,1,1,2,3,1,1,2,2,3,1,3,2,1,1,3,1,2,2,4,2,2,2,1,2,2,1,3,3,3,3,2,2,2,1,2,3,3,2,1,3,3,1,4,3,4,0,0,1,4,3,2,2,3,1,1,3,3,2,1,2,1,2,1,1,3,2,2,3,4,3,3,1,4,2,2,3,2
OclVARI23G_2072,1,1,1,1,1,1,1,1,1,1,1,1,0,0,1,1,1,1,1,1,2,2,1,1,1,1,2,1,1,1,2,1,1,1,1,1,1,1,1,1,1,1,1,1,2,1,1,1,1,2,1,1,2,1,1,1,1,1,1,1,2,1,1,1,1,1,1,1,1,1,1,2,2,2,1,1,1,1,0,0,2,2,1,1,1,2,1,1,1,1,1,1,1,2,1,1,1,1,2,1,1,2,1,1,1,1,1,1,0,0,1,1,1,1,1,1,1,2,2,2,1,2,1,1,1,1,0,0,2,2,1,2,0,0,1,1,2,1,1,2,1,1,1,1,1,2,1,1,1,1,1,2,2,2,1,1,3,1,1,2,2,2,2,1,1,1,2,2,1,2,2,2,0,0,2,2,2,2,1,1,1,2,1,2,1,1,2,2,1,1,1,2,1,2,2,2,2,1,1,1,2,1,2,2,1,1,2,2,1,1,1,1,2,2,1,1,1,2,2,2,1,1,1,3,1,1,2,2,1,1,1,2,2,2,1,1,2,2,0,0,2,1,1,1,1,1,1,1,2,1,2,2,1,1,2,2,2,1,2,2,1,2,1,1,1,2,1,2,2,2,1,1,1,2,2,1,1,1,1,1,1,2,2,1,1,1,2,2,2,2,1,1,1,2,1,2,1,2,1,1,1,2,1,2,1,2,2,1,0,0,1,1,1,2,2,2,1,2,1,1,1,2,2,2,2,2,1,2,2,2,2,2,1,2,2,2,1,2,2,2,1,2,1,2,1,2,1,2,1,2,1,2,2,2,2,2,0,0,1,2,2,1,2,1,1,3,1,1,2,1,2,1,1,2,1,2,1,3,3,1,1,2,1,2,1,1,2,2,2,2,1,1,1,3,0,0,0,0,1,3,3,3,3,2,3,1,1,2,3,2,3,3,1,2,2,1,1,2,1,3,1,2,1,2,3,3,3,3,2,2,3,2,3,3,3,3,1,1,2,1,2,2,1,3,1,3,2,3,2,1,1,1,1,2,1,1,1,2,3,1,1,3,1,3,1,3,1,2,1,1,2,2,2,3,1,3,3,2,1,1,1,1,2,3,0,0,1,1,1,2,2,1,2,3,1,1,3,2,2,3,2,3,4,1,2,3,1,2,4,4,4,2,1,3,1,2,2,1,1,3,4,2,2,1,2,2,4,4,2,4,2,2
OclVARI23G_2073,1,1,1,1,1,1,1,1,1,1,1,1,0,0,1,1,1,1,1,1,2,2,1,1,1,2,1,1,1,1,1,1,1,2,0,0,1,1,1,1,0,0,1,1,2,1,1,1,2,2,1,1,1,1,1,1,1,1,1,1,1,1,1,1,1,1,1,1,1,1,2,1,2,2,1,1,1,1,0,0,2,2,1,1,2,2,1,1,1,1,1,1,1,1,1,1,1,1,2,1,2,2,1,1,1,1,1,1,0,0,2,2,2,1,1,1,1,2,1,1,1,2,1,2,2,2,0,0,1,2,1,1,0,0,1,1,2,1,2,2,1,1,1,2,1,2,1,1,1,1,1,2,2,1,1,1,1,1,1,2,1,2,0,0,1,1,1,2,1,1,2,2,0,0,0,0,2,2,1,1,2,2,0,0,1,1,2,1,1,1,1,1,2,2,1,1,2,1,1,1,2,2,2,2,1,1,2,2,1,1,1,1,1,2,3,3,1,1,2,2,1,1,1,1,3,1,1,2,1,1,1,1,1,1,0,0,2,1,2,1,2,1,1,1,1,1,1,1,2,1,2,2,1,2,1,2,2,1,2,2,2,2,1,1,1,2,0,0,1,2,1,1,1,2,1,1,2,1,1,1,1,1,1,1,1,1,1,1,1,2,1,1,0,0,2,2,1,2,2,2,0,0,1,2,1,1,1,1,2,1,1,1,1,3,2,2,1,1,1,1,1,2,2,1,2,2,2,2,2,2,2,1,2,2,1,2,2,2,2,1,1,2,2,1,1,2,1,2,2,2,1,2,1,2,2,2,0,0,1,1,2,1,2,1,3,1,3,1,2,2,1,1,1,2,1,1,1,3,1,3,1,2,1,2,4,1,2,2,2,2,1,1,1,1,1,1,0,0,3,3,2,2,1,2,1,2,1,2,0,0,2,1,2,2,2,1,2,1,1,1,2,1,1,1,1,2,2,1,1,1,1,3,1,3,1,1,2,2,2,1,3,1,1,1,2,1,2,2,3,2,1,2,2,1,1,2,1,2,1,3,2,3,3,3,3,3,2,2,1,1,1,2,1,1,3,2,2,2,3,1,1,1,3,2,2,3,1,1,1,1,2,2,2,2,3,3,2,1,3,3,1,3,1,1,0,0,1,3,1,3,2,3,3,1,3,1,1,1,2,3,1,4,4,1,2,2,4,4,2,2,2,2
OclVARI23G_2074,1,1,1,1,1,1,2,1,1,1,1,1,0,0,1,1,1,1,1,1,2,2,1,1,1,1,1,1,1,1,1,1,1,1,1,1,1,1,1,1,1,1,1,1,1,1,1,2,1,1,0,0,1,1,1,1,1,1,1,1,1,1,1,1,1,1,1,1,1,1,1,1,2,2,2,1,2,1,0,0,2,2,1,1,2,2,2,1,2,1,1,1,1,1,1,1,1,1,2,1,1,1,0,0,1,1,1,1,0,0,1,2,1,1,2,1,1,1,1,2,1,1,1,1,2,2,0,0,2,2,1,2,0,0,1,1,2,2,1,1,1,2,2,3,2,2,1,2,1,1,1,2,2,2,1,2,1,1,2,2,2,2,0,0,1,1,1,1,1,1,2,2,0,0,1,2,1,2,1,1,2,1,2,2,1,1,2,1,1,1,2,2,2,2,1,1,2,2,2,2,0,0,2,2,1,2,2,2,1,1,3,2,1,2,3,3,2,2,1,2,1,2,2,1,1,1,3,1,1,2,2,2,1,1,0,0,1,1,0,0,1,1,1,2,1,1,1,1,1,1,0,0,1,2,1,2,2,1,1,2,1,2,1,2,1,2,0,0,1,2,1,2,2,1,1,1,1,1,1,1,1,2,2,1,1,2,1,2,1,1,1,1,0,0,2,2,1,1,2,1,1,2,1,1,1,1,1,2,1,1,2,1,3,1,2,2,1,1,1,1,2,2,1,2,2,1,2,2,2,2,2,2,1,2,1,1,1,2,2,1,2,2,1,1,1,2,1,2,2,2,1,2,1,2,1,1,0,0,1,2,2,2,1,2,3,3,3,1,0,0,2,1,2,1,1,1,0,0,1,3,2,3,1,3,2,1,1,1,1,1,2,1,2,2,0,0,0,0,2,1,1,3,1,2,2,3,1,1,0,0,2,3,1,2,3,1,1,2,1,1,2,1,1,1,2,2,2,3,1,3,2,3,3,3,3,2,1,2,3,1,1,1,1,1,1,1,3,3,3,1,1,2,1,2,3,2,2,2,2,2,3,3,2,3,1,2,1,1,3,3,3,2,1,1,3,2,3,3,2,2,3,2,3,3,2,1,2,2,1,1,2,2,1,1,1,1,2,2,0,0,1,1,4,2,1,2,2,1,2,4,1,3,1,2,1,3,3,1,1,3,2,1,2,1,1,3,4,4,2,3,2,1
OclVARI23G_2075,2,1,1,1,1,1,1,1,1,3,1,1,0,0,1,1,1,1,1,2,2,2,1,1,2,2,2,1,1,1,1,1,1,1,1,1,1,1,1,1,1,1,2,1,1,1,1,1,1,2,0,0,2,1,1,1,2,1,1,1,1,1,1,1,1,1,1,1,1,1,1,1,1,2,1,1,1,1,0,0,2,2,1,1,2,2,2,1,1,1,2,1,1,1,1,1,1,1,1,1,1,1,1,1,1,1,1,1,0,0,2,2,1,1,0,0,1,1,1,1,1,1,1,1,2,2,0,0,1,1,1,1,0,0,2,1,2,2,1,1,1,1,1,1,1,2,1,1,1,2,1,2,2,1,1,1,1,1,2,2,2,2,2,2,2,2,2,2,1,2,2,2,1,1,1,2,1,2,1,1,2,2,1,2,1,1,1,2,1,1,1,1,2,2,2,2,1,1,0,0,2,1,2,2,1,1,1,2,1,1,1,2,2,2,1,1,0,0,2,2,1,2,1,1,2,1,2,1,2,1,1,1,1,2,2,1,2,1,0,0,0,0,1,1,1,1,1,1,2,1,1,2,1,2,1,2,2,2,1,2,2,2,1,1,1,2,1,1,1,1,1,1,2,2,2,2,2,2,1,1,1,1,2,1,1,1,1,2,1,1,2,1,0,0,1,2,1,1,1,1,1,2,1,1,1,2,2,2,0,0,2,1,2,1,2,2,1,2,2,1,2,2,0,0,2,1,0,0,1,1,2,1,2,2,1,1,2,2,2,2,1,1,1,1,1,2,1,1,1,2,1,2,2,2,2,2,0,0,2,2,2,1,1,2,2,1,3,1,2,1,2,3,2,1,1,1,1,1,1,1,1,1,2,3,2,2,1,1,2,2,1,1,3,2,1,1,0,0,1,3,2,3,3,3,2,3,3,1,0,0,3,1,2,2,3,3,3,2,2,3,1,1,2,2,2,3,3,2,2,2,2,1,1,1,1,1,1,2,2,2,1,1,1,2,2,1,3,3,1,3,1,1,2,1,2,1,2,1,1,1,3,3,3,1,1,3,1,2,1,1,1,2,1,2,1,1,3,3,2,1,3,2,2,3,2,2,2,1,2,2,3,2,2,2,2,3,2,3,2,3,3,3,4,4,1,2,2,3,2,3,1,3,2,2,2,3,3,1,1,2,1,2,4,1,3,1,1,4,2,3,2,3
OclVARI23G_2076,1,1,1,1,1,1,1,1,1,1,1,1,1,1,1,1,1,1,1,1,1,2,1,1,1,1,1,1,1,1,1,1,1,1,1,1,1,1,1,1,1,1,2,1,1,1,1,1,1,1,1,1,2,1,1,1,1,1,2,1,1,1,1,1,1,1,1,1,1,1,1,1,2,2,2,1,1,1,0,0,2,2,1,1,2,2,1,1,2,1,2,1,1,1,1,2,1,1,1,1,1,1,1,1,1,1,1,1,0,0,2,2,1,1,1,1,2,1,1,2,1,1,1,1,2,2,0,0,2,2,1,2,0,0,1,1,2,1,1,1,1,1,1,1,1,2,1,1,1,1,1,1,2,2,1,2,2,1,1,2,2,2,2,2,1,1,1,2,1,1,2,2,1,2,1,1,1,2,1,2,2,2,2,2,1,1,1,1,1,2,1,2,2,2,2,2,1,1,2,2,0,0,2,2,1,2,2,2,1,1,1,1,1,2,1,1,0,0,2,2,2,2,1,1,1,1,1,2,2,2,1,2,1,1,1,2,2,1,0,0,1,1,1,2,2,1,1,1,1,1,1,1,1,2,1,2,2,1,1,2,2,2,1,1,1,2,0,0,1,2,2,2,2,2,2,2,2,1,2,1,1,1,2,1,1,2,1,1,2,2,2,1,0,0,1,1,2,2,1,1,1,1,2,2,1,2,2,1,2,1,1,1,1,1,1,1,1,1,1,1,1,2,1,2,2,1,0,0,1,2,2,1,1,1,2,2,1,2,2,2,1,2,1,2,2,2,1,2,2,2,1,2,0,0,3,2,0,0,1,1,1,1,1,1,3,2,1,3,0,0,1,3,2,1,1,3,1,2,1,1,1,3,2,1,3,1,3,2,1,2,2,2,0,0,0,0,0,0,3,2,1,2,3,3,1,1,1,1,2,1,1,2,3,2,3,1,2,2,1,2,1,1,2,2,1,3,2,3,3,1,3,1,2,3,2,3,2,1,2,2,3,3,1,3,3,3,3,3,2,1,3,1,2,1,2,3,3,3,2,2,2,1,1,2,2,2,3,1,3,3,3,3,2,1,1,2,1,1,3,1,3,1,2,2,1,3,3,1,2,1,3,1,1,3,1,2,3,2,2,3,3,2,3,2,2,1,1,3,3,1,2,3,2,2,2,1,2,2,3,2,4,2,1,4,2,3,3,1,3,3,2,4
OclVARI23G_2077,1,1,1,1,0,0,1,1,1,1,1,1,0,0,1,1,1,1,1,2,2,2,1,1,1,1,1,1,1,1,1,1,1,1,2,1,1,1,2,1,2,1,1,1,1,1,1,1,1,2,1,1,2,1,1,1,2,1,1,1,2,2,1,1,1,1,1,1,1,1,1,1,1,2,1,1,1,1,0,0,2,2,1,1,1,2,2,1,1,1,1,1,1,1,1,2,1,1,1,1,1,1,1,1,1,1,1,1,0,0,1,2,1,1,1,1,1,1,1,2,1,1,1,1,1,2,0,0,2,2,1,2,0,0,2,2,1,1,1,1,1,1,2,1,2,2,1,1,0,0,1,1,2,2,1,2,3,1,2,2,2,2,2,2,1,1,2,2,1,2,2,2,0,0,1,1,1,2,1,1,2,2,0,0,1,1,2,2,1,1,1,1,2,2,2,2,2,2,2,2,0,0,2,2,2,1,2,2,1,2,1,1,2,2,1,1,1,1,2,2,1,2,1,2,1,1,1,1,1,2,1,2,1,2,0,0,2,2,0,0,1,1,1,1,1,1,1,3,2,1,2,2,3,1,1,1,2,1,1,2,1,1,1,1,1,2,1,2,1,2,1,2,2,1,1,1,1,1,2,1,1,2,2,1,2,2,1,2,1,1,2,1,0,0,1,1,1,2,1,1,1,2,1,1,1,1,1,1,1,1,1,1,1,1,1,2,1,2,1,1,2,2,2,2,2,2,1,2,1,2,2,2,1,1,1,1,2,2,1,1,1,1,2,1,1,2,2,2,1,2,2,2,0,0,2,2,0,0,1,1,2,2,1,2,3,1,3,3,0,0,2,1,2,2,1,1,3,3,2,2,1,1,3,1,1,3,1,3,2,2,1,2,2,2,1,1,2,3,1,3,2,2,2,1,3,3,1,2,2,2,3,2,2,1,2,1,1,1,2,2,1,1,1,2,2,1,1,3,1,1,3,3,1,1,3,1,1,1,2,2,2,2,1,1,1,2,2,3,1,1,2,1,2,2,1,1,2,1,3,2,2,1,2,1,3,1,3,2,3,1,1,1,2,2,3,2,3,3,1,1,3,3,2,3,2,1,2,1,2,3,1,3,2,3,2,2,2,2,2,4,2,1,1,1,1,2,3,3,1,1,1,3,3,2,1,2,2,1,1,3,1,2,4,2,1,3,2,4,2,1,2,3
OclVARI23G_2078,1,1,1,1,1,1,1,1,1,1,1,1,1,1,1,1,1,1,1,1,2,2,1,1,1,1,1,2,1,1,2,1,1,1,1,1,2,1,1,1,1,1,1,1,1,1,1,1,1,2,1,2,1,1,1,1,1,1,1,1,1,1,1,1,1,2,1,1,1,1,2,1,1,2,1,1,1,1,0,0,2,2,1,2,1,2,1,1,2,1,2,1,1,1,1,2,1,1,1,1,1,1,1,1,1,1,2,1,0,0,1,2,1,1,1,1,1,2,1,1,1,1,1,1,2,2,1,1,1,2,2,2,0,0,1,1,2,1,1,1,1,2,1,1,1,2,1,2,1,1,1,1,2,2,1,1,1,1,1,2,2,1,2,1,1,1,2,2,1,1,2,1,1,3,2,2,2,2,1,1,1,2,1,2,2,1,2,1,1,1,1,2,1,2,2,2,2,1,2,2,0,0,2,2,1,1,1,2,1,1,1,1,2,2,1,3,1,2,2,2,1,2,2,1,3,1,1,2,2,1,1,2,2,2,1,1,2,1,0,0,2,1,1,1,1,1,1,3,2,2,1,2,1,1,2,2,2,1,1,2,1,2,1,2,1,1,0,0,1,2,1,1,1,2,1,1,2,1,1,1,1,2,2,1,2,1,2,2,1,1,1,1,0,0,1,2,2,2,2,2,1,2,1,1,1,2,2,2,2,1,2,1,1,3,2,2,2,2,1,1,2,2,2,2,2,2,2,2,1,2,1,1,1,2,1,1,2,2,2,1,1,2,2,2,1,1,1,2,1,2,1,2,0,0,2,2,0,0,1,1,2,2,2,1,1,1,1,1,2,1,1,2,2,2,1,1,1,3,2,3,2,2,3,3,1,1,1,1,2,2,1,1,1,3,1,1,3,1,3,2,1,3,2,3,3,3,3,2,2,2,1,1,1,2,3,1,1,3,3,3,1,2,3,1,1,3,2,2,1,3,1,1,3,3,1,1,2,2,1,2,3,3,1,1,1,2,2,3,1,3,1,3,2,2,3,1,1,2,3,3,2,1,3,3,1,3,1,3,2,3,2,1,2,1,1,1,3,3,2,1,1,3,2,3,2,2,1,1,2,2,1,2,3,2,1,1,3,1,3,2,1,2,2,2,2,3,3,3,3,4,2,1,1,3,3,1,1,1,2,3,1,1,4,1,1,3,4,3,2,3,2,3
OclVARI23G_2079,1,1,1,1,1,1,1,1,3,1,1,1,0,0,1,1,1,1,1,1,2,2,1,1,1,2,2,1,1,1,2,1,1,1,1,1,1,1,1,1,1,1,1,1,1,1,1,1,1,2,1,1,1,1,1,1,1,1,2,1,1,1,1,1,1,1,1,1,1,1,1,1,1,2,0,0,1,1,0,0,2,2,1,1,2,2,1,1,1,1,1,1,1,1,1,2,1,1,1,1,1,2,1,1,1,1,2,1,0,0,1,2,2,1,1,1,1,1,1,2,1,2,1,1,2,2,0,0,1,2,1,2,0,0,1,1,0,0,1,1,1,2,2,1,1,2,0,0,1,1,1,2,2,2,1,1,1,1,2,2,1,2,2,1,1,1,1,2,1,1,2,2,0,0,0,0,2,2,1,1,2,1,2,2,1,2,2,1,1,1,1,1,2,2,2,2,2,1,2,2,0,0,2,2,1,2,1,2,1,1,1,1,2,2,3,1,1,2,2,2,1,2,1,2,1,1,1,2,1,2,1,2,2,2,1,1,2,1,2,1,1,1,1,1,1,1,2,1,1,1,1,2,1,1,2,2,2,1,1,2,1,2,1,2,1,2,0,0,1,1,1,2,1,2,0,0,2,1,2,1,1,2,1,1,2,1,2,2,1,1,1,1,1,1,1,2,2,2,1,2,1,2,1,1,1,2,2,2,1,1,2,1,0,0,2,2,2,2,1,2,2,2,1,2,2,1,1,2,1,1,2,1,1,2,1,1,2,2,1,1,1,2,2,2,1,1,2,2,2,2,2,2,0,0,0,0,1,2,1,2,2,2,2,1,1,1,3,1,0,0,1,1,2,2,1,1,0,0,3,2,2,2,1,3,1,1,2,2,2,1,2,1,1,2,3,3,0,0,3,2,1,3,2,2,3,3,2,3,2,2,1,3,1,2,3,1,3,3,3,3,1,1,1,2,2,2,0,0,2,3,1,1,1,1,1,1,2,1,1,2,2,1,2,1,3,3,2,3,1,1,3,1,2,2,1,1,2,2,3,3,1,2,3,1,3,1,3,1,1,3,1,2,1,1,1,2,2,3,2,1,1,3,3,3,2,2,1,1,3,2,3,1,3,2,2,2,1,3,3,4,1,2,2,1,2,2,3,3,4,2,2,2,3,1,0,0,3,1,3,2,1,1,4,1,3,1,4,3,2,3,3,3
OclVARI23G_2080,1,1,1,1,1,1,1,1,1,1,1,1,1,1,1,1,1,1,1,1,2,2,1,1,1,1,1,1,1,1,2,2,1,1,1,1,1,1,1,1,1,1,1,1,1,1,1,1,1,2,1,2,1,1,1,1,1,1,1,1,2,1,1,1,1,1,1,1,1,1,2,1,1,2,1,1,1,1,0,0,2,2,2,1,1,2,1,1,2,1,1,1,1,1,1,2,1,1,1,1,1,2,1,1,1,1,2,1,1,1,1,1,1,1,2,1,1,1,1,2,1,2,1,1,2,2,0,0,1,2,2,2,0,0,2,1,0,0,1,1,1,1,2,2,1,2,1,1,1,1,1,1,2,2,1,1,1,1,2,2,2,1,2,2,1,1,2,2,1,1,2,2,0,0,1,2,2,2,1,1,1,2,0,0,1,1,2,2,1,1,1,2,1,2,2,2,2,1,2,2,1,2,2,2,1,1,1,2,1,1,1,1,2,2,1,3,1,2,2,2,1,2,1,1,1,1,3,2,1,1,1,1,1,2,1,1,2,2,0,0,1,1,1,1,1,1,1,1,1,1,1,2,1,1,1,2,2,1,1,2,2,2,1,2,1,2,1,2,1,1,1,2,2,1,1,1,2,1,1,1,1,2,1,1,2,1,2,2,1,1,2,1,1,1,1,2,2,2,2,1,1,2,1,2,1,2,2,2,2,1,1,1,2,1,2,2,2,2,1,1,2,2,1,1,2,2,1,2,1,1,2,1,1,2,1,2,2,2,1,1,1,2,2,2,1,1,1,2,2,2,2,2,0,0,2,2,0,0,2,1,2,2,1,2,1,1,3,3,2,1,1,1,2,2,1,1,1,1,2,2,2,2,1,3,2,2,1,2,2,2,1,1,2,1,3,1,3,1,3,3,3,2,3,2,3,3,2,3,2,3,3,1,1,1,2,1,1,1,3,1,2,3,1,3,2,1,2,3,3,1,1,3,3,3,1,1,2,2,2,1,2,3,1,2,3,3,3,2,1,1,1,1,2,2,1,3,2,2,3,3,1,2,1,3,3,3,3,1,1,3,2,1,1,1,1,2,2,3,1,2,1,3,2,3,2,2,2,2,3,1,1,3,2,3,2,2,2,2,3,4,2,1,1,2,2,3,1,3,4,3,2,1,1,1,1,3,3,1,3,2,1,1,1,1,1,3,4,4,3,2,3,3
OclVARI23G_2081,2,1,1,1,0,0,1,1,1,1,1,1,0,0,1,1,1,1,1,1,2,2,1,2,1,2,1,1,1,1,1,1,2,1,2,1,1,1,2,1,0,0,2,1,1,1,1,1,1,1,1,1,1,1,2,1,2,1,1,1,1,1,1,1,1,1,1,1,1,1,1,1,1,1,0,0,1,1,0,0,2,2,1,1,2,2,1,1,1,1,1,1,1,2,1,1,1,1,1,1,1,1,1,1,1,1,1,1,0,0,2,2,1,1,1,1,1,1,1,1,1,1,1,1,0,0,0,0,2,2,1,1,0,0,2,1,2,1,1,2,1,1,0,0,1,2,1,1,1,1,1,1,2,2,1,1,1,1,1,2,2,2,2,1,2,1,1,2,1,2,2,1,0,0,1,1,2,2,1,1,2,1,1,2,2,1,2,1,1,1,1,1,1,2,2,2,1,1,2,2,0,0,2,2,1,2,2,2,1,2,1,1,1,2,1,1,1,2,2,2,1,2,2,1,1,3,1,1,1,1,1,1,1,1,0,0,2,1,1,1,1,1,1,1,1,1,3,1,1,1,1,2,1,1,1,2,2,1,1,2,1,2,1,2,1,2,1,2,1,2,1,2,2,2,1,1,2,2,1,1,1,2,2,1,3,1,1,2,1,1,2,1,0,0,1,1,1,2,3,1,1,2,1,1,2,2,1,2,2,1,1,1,1,1,2,2,1,1,1,1,1,2,2,1,2,2,2,2,1,2,2,1,1,1,1,1,1,2,2,1,1,1,1,1,2,2,1,1,1,1,1,2,1,2,2,2,0,0,1,1,2,1,2,1,1,3,3,1,0,0,2,3,2,1,1,3,0,0,2,3,2,1,3,1,2,2,3,2,2,1,1,2,2,3,0,0,0,0,1,1,2,2,3,1,1,2,2,1,2,2,2,2,2,2,1,2,2,1,3,2,1,1,1,1,3,3,3,3,3,3,2,2,1,1,1,3,2,1,1,2,2,2,1,1,2,2,3,2,1,2,2,3,3,3,1,1,2,2,1,1,1,3,3,2,3,3,2,3,1,3,2,1,2,1,2,2,1,3,1,2,1,3,3,2,1,1,0,0,3,1,2,3,2,2,1,2,2,2,3,3,3,2,1,1,1,2,1,3,1,1,1,3,2,1,1,3,1,2,2,3,1,4,4,4,3,3,4,4,0,0,4,2
OclVARI23G_2082,1,1,1,1,0,0,1,1,1,1,1,1,0,0,1,1,2,1,1,1,2,2,1,1,1,2,1,2,1,1,2,1,1,1,1,1,1,1,1,1,0,0,1,1,2,1,1,1,1,1,1,1,1,1,2,1,1,1,1,1,1,1,1,2,1,2,1,1,1,1,1,1,1,2,1,1,1,1,0,0,2,2,1,1,2,2,1,1,2,1,1,1,1,1,1,2,1,1,2,1,1,1,1,1,1,1,1,1,0,0,2,2,1,1,2,1,1,1,1,1,1,2,0,0,2,2,0,0,2,2,1,2,0,0,2,1,1,1,1,2,1,2,1,1,1,1,1,1,0,0,0,0,2,1,1,1,1,2,2,2,2,2,2,2,2,1,1,1,1,1,2,2,0,0,1,1,1,2,1,2,2,2,1,2,1,1,2,2,1,1,1,1,2,2,2,2,2,1,2,2,0,0,2,2,1,1,2,2,1,2,1,1,2,2,3,1,1,1,2,2,1,2,2,1,3,3,1,1,1,1,2,2,1,2,1,1,2,2,2,1,2,2,1,2,1,1,1,1,2,1,2,2,1,1,1,2,2,2,1,2,1,2,1,2,1,2,1,2,1,1,1,2,2,1,1,1,2,1,2,1,1,2,2,1,2,2,1,1,1,2,1,1,0,0,1,2,1,2,3,2,1,2,1,2,1,1,2,1,2,2,2,1,1,1,1,2,1,2,1,1,2,2,2,2,2,2,2,2,1,2,1,1,2,2,2,2,2,2,2,1,1,1,1,1,2,2,1,2,2,2,1,1,2,2,2,1,0,0,2,2,2,1,1,1,3,3,3,3,2,2,2,2,1,2,2,1,1,1,3,2,1,1,3,3,2,1,2,2,2,1,1,1,0,0,1,1,0,0,1,3,0,0,3,1,2,3,1,2,3,2,1,1,2,1,0,0,1,1,2,1,1,3,1,1,2,2,3,2,1,1,3,1,2,3,1,2,2,3,2,2,3,1,1,1,2,1,3,2,1,3,1,1,2,2,3,2,1,2,2,3,1,1,3,3,2,3,1,1,1,3,1,3,1,1,1,2,1,3,2,2,1,1,4,3,0,0,2,2,2,1,3,3,3,3,3,2,2,1,3,3,3,3,4,1,2,3,3,1,1,1,3,1,1,2,3,1,1,1,2,2,1,4,2,4,3,3,4,4,2,2,3,3
