"rid","fromnode","tonode"
1,1,2
2,2,3
3,3,4
4,4,5
5,5,6
6,6,7
7,7,8
8,8,9
9,9,10
10,10,11
11,11,12
12,12,13
13,13,14
14,14,15
15,15,16
16,16,17
17,17,18
18,18,19
19,19,20
20,20,21
21,21,22
22,22,23
23,23,24
24,24,25
25,25,26
26,26,27
27,27,28
28,28,29
29,29,30
30,31,32
31,32,33
32,33,34
33,34,35
34,35,36
35,36,37
36,37,38
37,38,39
38,39,40
39,40,41
40,41,42
41,42,43
42,43,44
43,44,45
44,45,46
45,46,47
46,47,48
47,48,49
48,49,50
49,50,51
50,51,52
51,52,53
52,53,54
53,54,55
54,55,56
55,56,57
56,58,59
57,59,60
58,60,61
59,61,62
60,62,63
61,64,65
62,65,66
63,66,67
64,67,68
65,68,69
66,69,70
67,71,72
68,73,74
69,75,76
70,76,77
71,77,6
72,78,79
73,79,80
74,80,81
75,81,82
76,82,83
77,83,84
78,84,85
79,85,86
80,86,87
81,87,24
82,88,89
83,89,90
84,90,91
85,91,92
86,92,93
87,93,94
88,94,95
89,95,96
90,96,97
91,97,98
92,98,99
93,99,100
94,100,101
95,101,102
96,102,103
97,103,104
98,104,105
99,105,106
100,30,107
101,107,31
102,108,109
103,109,110
104,110,111
105,111,90
106,112,76
107,113,2
108,114,79
109,115,109
110,116,3
111,117,82
112,118,4
113,119,77
114,120,81
115,121,110
116,122,123
117,123,124
118,124,125
119,125,126
120,126,127
121,127,128
122,128,129
123,129,130
124,130,131
125,131,132
126,132,133
127,133,134
128,134,135
129,135,136
130,136,137
131,137,138
132,138,139
133,139,140
134,140,141
135,141,142
136,142,143
137,143,144
138,144,145
139,145,146
140,146,147
141,147,148
142,148,149
143,149,150
144,150,151
145,151,152
146,152,153
147,153,154
148,154,155
149,155,156
150,156,157
151,157,158
152,158,159
153,159,160
154,160,161
155,161,162
156,162,163
157,163,164
158,164,165
159,165,166
160,166,167
161,167,168
162,168,169
163,169,170
164,170,171
165,171,172
166,172,173
167,173,174
168,174,175
169,175,176
170,176,177
171,177,178
172,178,179
173,179,180
174,180,181
175,181,182
176,182,183
177,183,184
178,184,185
179,185,186
180,186,187
181,187,188
182,188,189
183,189,190
184,190,191
185,191,192
186,192,193
187,193,194
188,194,195
189,196,197
190,198,5
191,199,111
192,200,7
193,201,202
194,202,203
195,203,125
196,204,8
197,205,206
198,206,89
199,207,123
200,208,84
201,209,11
202,210,211
203,211,202
204,212,213
205,213,214
206,214,215
207,215,18
208,216,80
209,217,218
210,218,219
211,219,9
212,220,91
213,221,93
214,222,218
215,223,83
216,224,10
217,225,213
218,226,94
219,227,228
220,228,229
221,229,206
222,230,124
223,231,232
224,232,219
225,233,95
226,234,92
227,235,232
228,236,237
229,237,238
230,238,100
231,239,215
232,240,211
233,241,237
234,242,238
235,243,229
236,244,126
237,245,14
238,246,12
239,247,248
240,248,228
241,249,96
242,250,203
243,251,85
244,252,86
245,253,254
246,254,255
247,255,13
248,256,214
249,257,258
250,258,248
251,259,260
252,260,261
253,261,262
254,262,263
255,263,101
256,264,98
257,265,129
258,266,258
259,267,268
260,268,127
261,269,97
262,270,262
263,271,15
264,272,17
265,273,268
266,274,260
267,275,130
268,276,16
269,277,255
270,278,87
271,279,280
272,280,102
273,281,128
274,282,283
275,283,284
276,284,285
277,285,286
278,286,261
279,287,20
280,288,99
281,289,254
282,290,291
283,291,132
284,292,286
285,293,131
286,294,295
287,295,296
288,296,297
289,297,298
290,298,19
291,299,280
292,300,283
293,301,298
294,302,296
295,303,304
296,304,103
297,305,291
298,306,21
299,307,263
300,308,295
301,309,284
302,310,311
303,311,297
304,312,22
305,313,133
306,314,315
307,315,135
308,316,317
309,317,318
310,318,285
311,319,304
312,320,317
313,321,322
314,322,323
315,323,311
316,324,325
317,325,326
318,326,327
319,327,136
320,328,134
321,329,318
322,330,315
323,331,327
324,332,333
325,333,334
326,335,105
327,336,333
328,337,322
329,338,23
330,339,137
331,340,341
332,341,334
333,342,343
334,343,344
335,344,345
336,345,341
337,346,343
338,347,323
339,348,325
340,349,326
341,350,351
342,351,352
343,352,353
344,353,354
345,354,355
346,355,356
347,356,357
348,357,35
349,358,359
350,359,360
351,360,361
352,361,352
353,362,25
354,363,138
355,364,359
356,365,345
357,366,26
358,367,368
359,369,370
360,370,344
361,371,351
362,372,27
363,373,360
364,374,375
365,375,139
366,376,28
367,377,378
368,378,361
369,379,380
370,380,370
371,381,382
372,382,383
373,383,384
374,384,385
375,385,386
376,386,368
377,387,388
378,388,389
379,389,33
380,390,386
381,391,140
382,392,378
383,393,32
384,394,380
385,395,396
386,396,375
387,397,396
388,398,399
389,399,354
390,400,353
391,401,383
392,402,385
393,403,399
394,404,144
395,405,387
396,406,141
397,407,355
398,408,409
399,409,410
400,410,411
401,411,34
402,412,107
403,413,142
404,414,409
405,415,416
406,416,417
407,417,356
408,418,419
409,419,388
410,420,421
411,421,410
412,422,423
413,423,382
414,424,425
415,425,426
416,426,148
417,427,143
418,428,416
419,429,145
420,430,431
421,431,384
422,432,421
423,433,417
424,434,423
425,435,147
426,436,425
427,437,438
428,438,357
429,439,440
430,440,438
431,441,426
432,442,411
433,443,146
434,444,445
435,445,440
436,446,389
437,447,448
438,448,449
439,449,450
440,450,451
441,451,452
442,452,453
443,453,41
444,454,152
445,455,456
446,456,457
447,457,38
448,458,459
449,459,460
450,460,36
451,461,462
452,462,149
453,463,431
454,464,151
455,465,466
456,466,467
457,467,157
458,468,469
459,469,456
460,470,471
461,471,472
462,472,473
463,473,474
464,474,475
465,475,476
466,476,158
467,477,462
468,478,471
469,479,473
470,480,37
471,481,482
472,482,483
473,483,484
474,484,485
475,485,486
476,486,487
477,487,445
478,488,472
479,489,487
480,490,150
481,491,485
482,492,39
483,493,494
484,494,495
485,495,496
486,496,452
487,497,494
488,498,499
489,499,460
490,500,155
491,501,495
492,502,503
493,503,469
494,504,448
495,505,499
496,506,153
497,507,449
498,508,509
499,509,457
500,510,511
501,511,466
502,512,486
503,513,514
504,514,482
505,515,467
506,516,154
507,517,496
508,518,474
509,519,520
510,520,503
511,521,450
512,522,523
513,523,509
514,524,525
515,525,511
516,526,525
517,527,528
518,528,529
519,529,159
520,530,520
521,531,156
522,532,533
523,533,453
524,534,523
525,535,40
526,536,537
527,537,538
528,538,483
529,539,528
530,540,514
531,541,542
532,542,484
533,543,544
534,544,545
535,545,475
536,546,451
537,547,544
538,548,542
539,549,550
540,550,538
541,551,552
542,552,553
543,553,554
544,554,555
545,555,556
546,556,43
547,557,476
548,558,559
549,559,529
550,560,561
551,561,562
552,562,563
553,563,564
554,564,565
555,565,566
556,566,555
557,567,568
558,568,569
559,569,537
560,570,571
561,571,559
562,572,550
563,573,574
564,574,575
565,575,576
566,576,46
567,577,533
568,578,579
569,579,580
570,580,568
571,581,556
572,582,42
573,583,584
574,584,160
575,585,44
576,586,587
577,587,545
578,588,571
579,589,574
580,590,591
581,591,587
582,592,593
583,593,163
584,594,575
585,595,566
586,596,45
587,597,584
588,598,599
589,599,569
590,600,579
591,601,591
592,602,603
593,603,604
594,604,605
595,605,606
596,606,607
597,607,608
598,608,609
599,609,610
600,610,611
601,611,612
602,612,613
603,613,614
604,614,615
605,615,616
606,616,617
607,617,618
608,618,56
609,619,576
610,620,162
611,621,580
612,622,561
613,623,624
614,624,625
615,625,626
616,626,627
617,627,48
618,628,565
619,629,630
620,630,593
621,631,632
622,632,626
623,633,161
624,634,562
625,635,624
626,636,630
627,637,625
628,638,47
629,639,599
630,640,164
631,641,563
632,642,643
633,643,644
634,644,645
635,645,52
636,646,647
637,647,603
638,648,169
639,649,650
640,650,651
641,651,652
642,652,653
643,653,166
644,654,644
645,655,165
646,656,652
647,657,647
648,658,627
649,659,605
650,660,564
651,661,650
652,662,643
653,663,651
654,664,665
655,665,170
656,666,667
657,667,49
658,668,645
659,669,667
660,670,604
661,671,168
662,672,673
663,673,674
664,674,174
665,675,50
666,676,677
667,677,678
668,678,608
669,679,665
670,680,653
671,681,607
672,682,683
673,683,614
674,684,685
675,685,686
676,686,687
677,687,677
678,688,689
679,689,690
680,690,617
681,691,606
682,692,693
683,693,53
684,694,695
685,695,685
686,696,697
687,697,698
688,698,699
689,699,167
690,700,683
691,701,699
692,702,692
693,703,687
694,704,686
695,705,706
696,706,707
697,707,708
698,708,709
699,709,710
700,710,711
701,711,712
702,712,713
703,713,714
704,714,715
705,715,716
706,716,717
707,717,718
708,718,719
709,719,720
710,720,721
711,721,722
712,722,723
713,723,724
714,724,725
715,725,726
716,726,727
717,727,728
718,728,729
719,729,730
720,730,731
721,731,732
722,732,733
723,733,734
724,734,735
725,735,736
726,736,737
727,737,738
728,738,739
729,739,740
730,740,741
731,741,742
732,742,743
733,743,744
734,744,745
735,745,746
736,746,747
737,747,748
738,748,749
739,749,750
740,750,751
741,751,752
742,752,753
743,753,754
744,754,755
745,755,756
746,756,757
747,757,758
748,758,759
749,759,760
750,760,761
751,761,762
752,762,763
753,763,764
754,764,765
755,765,766
756,766,767
757,767,768
758,768,769
759,769,770
760,770,195
761,771,54
762,772,171
763,773,697
764,774,610
765,775,173
766,776,706
767,777,707
768,778,674
769,779,678
770,780,690
771,781,782
772,782,673
773,783,609
774,784,785
775,785,786
776,786,698
777,787,788
778,788,789
779,789,790
780,790,791
781,791,792
782,792,179
783,793,782
784,794,785
785,795,796
786,796,797
787,797,695
788,798,172
789,799,615
790,800,801
791,801,802
792,802,803
793,803,804
794,804,805
795,805,806
796,806,807
797,807,708
798,808,612
799,809,810
800,810,55
801,811,611
802,812,796
803,813,814
804,814,807
805,815,616
806,816,786
807,817,803
808,818,819
809,819,820
810,820,797
811,821,801
812,822,820
813,823,824
814,824,175
815,825,826
816,826,827
817,827,828
818,828,829
819,829,830
820,830,831
821,831,832
822,832,833
823,833,58
824,834,835
825,835,61
826,836,802
827,837,814
828,838,839
829,839,618
830,840,613
831,841,842
832,842,843
833,843,844
834,844,845
835,845,846
836,846,847
837,847,848
838,848,849
839,849,850
840,850,851
841,851,852
842,852,853
843,853,854
844,854,855
845,855,856
846,856,857
847,857,858
848,858,187
849,859,176
850,860,806
851,861,862
852,862,826
853,863,864
854,864,865
855,865,866
856,866,867
857,867,845
858,868,57
859,869,804
860,870,843
861,871,866
862,872,839
863,873,833
864,874,875
865,875,844
866,876,789
867,877,827
868,878,842
869,879,788
870,880,831
871,881,824
872,882,883
873,883,884
874,884,819
875,885,868
876,886,884
877,887,864
878,888,889
879,889,790
880,890,891
881,891,892
882,892,59
883,893,177
884,894,889
885,895,829
886,896,897
887,897,898
888,898,899
889,899,865
890,900,792
891,901,834
892,902,178
893,903,898
894,904,905
895,905,830
896,906,711
897,907,908
898,908,709
899,909,875
900,910,60
901,911,180
902,912,908
903,913,862
904,914,915
905,915,905
906,916,883
907,917,918
908,918,919
909,919,920
910,920,921
911,921,922
912,922,923
913,923,924
914,924,925
915,925,718
916,926,927
917,927,828
918,928,712
919,929,930
920,930,791
921,931,805
922,932,918
923,933,934
924,934,832
925,935,899
926,936,937
927,937,920
928,938,710
929,939,940
930,940,927
931,941,942
932,942,915
933,943,835
934,944,940
935,945,946
936,946,947
937,947,64
938,948,949
939,949,950
940,950,921
941,951,181
942,952,953
943,953,846
944,954,919
945,955,956
946,956,957
947,957,714
948,958,930
949,959,960
950,960,961
951,961,962
952,962,867
953,963,182
954,964,183
955,965,960
956,966,897
957,967,946
958,968,969
959,969,970
960,970,971
961,971,972
962,972,973
963,973,974
964,974,975
965,975,976
966,976,977
967,977,978
968,978,979
969,979,980
970,980,981
971,981,982
972,982,983
973,983,984
974,985,986
975,986,715
976,987,988
977,988,942
978,989,934
979,990,937
980,991,713
981,992,953
982,993,950
983,994,949
984,995,996
985,996,997
986,997,998
987,998,999
988,999,1000
989,1000,1001
990,1001,1002
991,1002,1003
992,1003,1004
993,1004,1005
994,1005,1006
995,1006,1007
996,1007,1008
997,1008,1009
998,1009,1010
999,1010,1011
1000,1011,741
1001,1012,63
1002,1013,969
1003,1014,1015
1004,1015,971
1005,1016,956
1006,1017,986
1007,1018,1019
1008,1019,190
1009,1020,988
1010,1021,1022
1011,1022,1023
1012,1023,1024
1013,1024,1025
1014,1025,1026
1015,1026,1027
1016,1027,1028
1017,1028,1029
1018,1029,1030
1019,1030,1031
1020,1031,1032
1021,1032,729
1022,1033,1034
1023,1034,1023
1024,1035,1036
1025,1036,65
1026,1037,961
1027,1038,1039
1028,1039,1022
1029,1040,1015
1030,1041,184
1031,1042,1043
1032,1043,1044
1033,1044,1045
1034,1045,1046
1035,1046,978
1036,1047,957
1037,1048,847
1038,1049,972
1039,1050,1051
1040,1051,1052
1041,1052,925
1042,1053,1043
1043,1054,970
1044,1055,66
1045,1056,1019
1046,1057,947
1047,1058,1036
1048,1059,996
1049,1060,1061
1050,1061,1062
1051,1062,1063
1052,1063,1064
1053,1064,1065
1054,1065,1066
1055,1066,1067
1056,1067,1068
1057,1068,973
1058,1069,71
1059,1070,922
1060,1071,1039
1061,1072,185
1062,1073,1051
1063,1074,716
1064,1075,186
1065,1076,1034
1066,1077,1078
1067,1078,1079
1068,1079,1067
1069,1080,1081
1070,1081,962
1071,1082,1061
1072,1083,1084
1073,1084,1085
1074,1085,1086
1075,1086,1087
1076,1087,1088
1077,1088,1089
1078,1089,1090
1079,1090,1052
1080,1091,68
1081,1092,1044
1082,1093,848
1083,1094,1095
1084,1095,849
1085,1096,855
1086,1097,188
1087,1098,1099
1088,1099,72
1089,1100,1095
1090,1101,1084
1091,1102,923
1092,1103,997
1093,1104,924
1094,1105,1106
1095,1106,717
1096,1107,1108
1097,1108,1081
1098,1109,1085
1099,1110,974
1100,1111,69
1101,1112,1045
1102,1113,1114
1103,1114,1088
1104,1115,998
1105,1116,70
1106,1117,1118
1107,1118,1001
1108,1119,851
1109,1120,1121
1110,1121,1025
1111,1122,1078
1112,1123,1124
1113,1124,1125
1114,1125,1126
1115,1126,1086
1116,1127,1099
1117,1128,1079
1118,1129,193
1119,1130,1114
1120,1131,1024
1121,1132,192
1122,1133,1108
1123,1134,850
1124,1135,1046
1125,1136,1065
1126,1137,976
1127,1138,1139
1128,1139,1106
1129,1140,1121
1130,1141,1118
1131,1142,999
1132,1143,1144
1133,1144,1062
1134,1145,975
1135,1146,1139
1136,1147,1090
1137,1148,856
1138,1149,191
1139,1150,983
1140,1151,1152
1141,1153,854
1142,1154,189
1143,1155,194
1144,1156,1157
1145,1157,852
1146,1158,979
1147,1159,1144
1148,1160,1161
1149,1161,1162
1150,1162,1163
1151,1163,1164
1152,1164,1165
1153,1165,757
1154,1166,1157
1155,1167,1000
1156,1168,1169
1157,1169,1165
1158,1170,1171
1159,1171,1172
1160,1172,1027
1161,1173,1174
1162,1174,1175
1163,1175,1176
1164,1176,720
1165,1177,1125
1166,1178,1171
1167,1179,1180
1168,1180,1026
1169,1181,1182
1170,1182,1174
1171,1183,857
1172,1184,858
1173,1185,1186
1174,1186,719
1175,1187,980
1176,1188,1064
1177,1189,1190
1178,1190,1087
1179,1191,853
1180,1192,1193
1181,1193,1194
1182,1194,1063
1183,1195,1182
1184,1196,1180
1185,1197,1161
1186,1198,1186
1187,1199,1200
1188,1200,1005
1189,1201,1068
1190,1202,1172
1191,1203,1002
1192,1204,768
1193,1205,1206
1194,1206,1193
1195,1207,1162
1196,1208,1175
1197,1209,1210
1198,1210,1176
1199,1211,1126
1200,1212,1213
1201,1213,762
1202,1214,1124
1203,1215,1216
1204,1216,977
1205,1217,1190
1206,1218,764
1207,1219,1220
1208,1221,767
1209,1222,1223
1210,1223,1224
1211,1224,1225
1212,1225,1206
1213,1226,1213
1214,1227,1225
1215,1228,1229
1216,1229,1230
1217,1230,759
1218,1231,1210
1219,1232,1003
1220,1233,1229
1221,1220,1234
1222,1235,1236
1223,1236,981
1224,1237,1238
1225,1238,1200
1226,1239,1240
1227,1240,1241
1228,1241,1066
1229,1242,1028
1230,1243,1244
1231,1244,1245
1232,1245,1029
1233,1246,1030
1234,1247,1169
1235,1248,1216
1236,1249,1250
1237,1250,1251
1238,1251,1252
1239,1252,1253
1240,1253,1254
1241,1255,1163
1242,1256,1238
1243,1257,1230
1244,1258,1223
1245,1259,1194
1246,1260,721
1247,1261,770
1248,1262,1263
1249,1263,1234
1250,1264,982
1251,1265,1244
1252,1266,1240
1253,1267,1268
1254,1268,1236
1255,1269,1164
1256,1270,722
1257,1271,1224
1258,1272,1004
1259,1273,1250
1260,1274,765
1261,1275,1276
1262,1277,1278
1263,1278,1279
1264,1279,1089
1265,1280,1278
1266,1281,1245
1267,1282,1241
1268,1283,1263
1269,1284,1285
1270,1285,1007
1271,1286,1268
1272,1287,769
1273,1288,761
1274,1289,1253
1275,1290,760
1276,1291,1292
1277,1292,1293
1278,1293,1294
1279,1294,1295
1280,1295,1296
1281,1296,197
1282,1297,1252
1283,1298,1299
1284,1299,1300
1285,1300,1006
1286,1301,1292
1287,1302,1303
1288,1303,1304
1289,1304,1305
1290,1305,1306
1291,1306,1307
1292,1307,1308
1293,1308,1309
1294,1309,1310
1295,1310,1311
1296,1311,1312
1297,1312,1313
1298,1313,1314
1299,1314,1296
1300,1315,1285
1301,1316,724
1302,1317,756
1303,1318,766
1304,1319,1320
1305,1320,1321
1306,1321,1251
1307,1322,758
1308,1323,1279
1309,1324,1325
1310,1325,1326
1311,1326,1307
1312,1327,1328
1313,1329,1299
1314,1330,726
1315,1331,755
1316,1254,1332
1317,1332,725
1318,1333,1325
1319,1334,1335
1320,1335,1336
1321,1336,1337
1322,1337,1338
1323,1339,1340
1324,1340,1341
1325,1341,1342
1326,1342,1254
1327,1343,1320
1328,1344,1345
1329,1345,1293
1330,1346,754
1331,1347,1348
1332,1348,1335
1333,1349,1350
1334,1350,1008
1335,1351,727
1336,1352,1353
1337,1353,1354
1338,1354,1355
1339,1355,1356
1340,1356,1357
1341,1357,1358
1342,1358,1321
1343,1359,1358
1344,1360,1361
1345,1361,1362
1346,1362,1031
1347,1363,1300
1348,1364,1361
1349,1365,752
1350,1366,1367
1351,1368,1345
1352,1369,1305
1353,1370,1326
1354,1371,1372
1355,1372,763
1356,1373,1362
1357,1374,1375
1358,1375,1303
1359,1376,1350
1360,1377,1340
1361,1378,1294
1362,1379,1342
1363,1380,1381
1364,1381,753
1365,1382,1383
1366,1383,1384
1367,1384,1385
1368,1385,1386
1369,1386,1387
1370,1387,1388
1371,1388,1341
1372,1389,1390
1373,1390,738
1374,1391,1032
1375,1392,750
1376,1393,1394
1377,1394,1395
1378,1395,1348
1379,1396,1395
1380,1397,1353
1381,1398,751
1382,1399,1400
1383,1400,1383
1384,1401,1313
1385,1402,1390
1386,1403,1404
1387,1404,728
1388,1405,1306
1389,1406,1009
1390,1407,1404
1391,1408,1357
1392,1409,1332
1393,1410,1010
1394,1411,1412
1395,1412,1375
1396,1413,1414
1397,1414,1372
1398,1415,1312
1399,1416,1354
1400,1417,1418
1401,1419,1356
1402,1420,1421
1403,1421,1355
1404,1422,1388
1405,1423,1424
1406,1424,1425
1407,1425,740
1408,1426,1414
1409,1427,1428
1410,1429,1430
1411,1430,1400
1412,1431,736
1413,1432,1295
1414,1433,1421
1415,1434,1425
1416,1435,1436
1417,1437,1438
1418,1438,1336
1419,1439,1424
1420,1440,1381
1421,1441,1394
1422,1442,1309
1423,1443,732
1424,1444,1445
1425,1445,730
1426,1446,1447
1427,1447,1448
1428,1448,1438
1429,1449,1412
1430,1450,1387
1431,1451,1452
1432,1452,1447
1433,1453,1304
1434,1454,1430
1435,1455,1314
1436,1456,1457
1437,1457,1458
1438,1458,1445
1439,1459,1460
1440,1460,1461
1441,1462,1448
1442,1463,1385
1443,1464,1465
1444,1465,1460
1445,1466,737
1446,1467,1011
1447,1468,1337
1448,1469,1458
1449,1470,748
1450,1471,1472
1451,1472,1452
1452,1473,1474
1453,1475,1386
1454,1476,1477
1455,1477,1478
1456,1478,1457
1457,1479,1480
1458,1480,1481
1459,1481,1482
1460,1482,1384
1461,1483,746
1462,1484,1480
1463,1485,1486
1464,1487,1488
1465,1488,1489
1466,1489,744
1467,1490,734
1468,1491,1311
1469,1492,1493
1470,1493,1488
1471,1494,745
1472,1495,1496
1473,1496,1461
1474,1497,1308
1475,1498,1499
1476,1499,1310
1477,1500,1501
1478,1501,1465
1479,1502,1496
1480,1503,1504
1481,1504,1478
1482,1505,1506
1483,1507,1501
1484,1508,1472
1485,1509,1493
1486,1510,1511
1487,1511,1499
1488,1512,735
1489,1513,739
1490,1514,1515
1491,1515,1511
1492,1516,1517
1493,1517,1518
1494,1518,1519
1495,1519,1520
1496,1520,1489
1497,1521,742
1498,1522,1523
1499,1523,1515
1500,1524,1525
1501,1525,1526
1502,1526,1527
1503,1528,1529
1504,1529,1481
1505,1530,1531
1506,1531,1532
1507,1532,1533
1508,1533,1534
1509,1534,1535
1510,1535,1536
1511,1536,1537
1512,1537,1538
1513,1538,1539
1514,1539,1540
1515,1540,1541
1516,1541,1525
1517,1542,1543
1518,1543,1523
1519,1544,1545
1520,1545,1546
1521,1546,1547
1522,1547,1540
1523,1548,1549
1524,1549,1550
1525,1550,1551
1526,1551,731
1527,1552,1553
1528,1553,1554
1529,1554,733
1530,1555,1554
1531,1556,1546
1532,1557,1543
1533,1558,1559
1534,1559,1560
1535,1560,1561
1536,1561,1562
1537,1562,743
1538,1563,1564
1539,1564,1551
1540,1565,1553
1541,1566,1545
1542,1567,1526
1543,1568,1529
1544,1569,73
1545,1570,1571
1546,1571,1504
1547,1572,1547
1548,1573,1571
1549,1574,1541
1550,1575,1560
1551,1576,1577
1552,1577,1549
1553,1578,1531
1554,1579,1580
1555,1580,1559
1556,1581,1582
1557,1582,1550
1558,1583,1584
1559,1584,196
1560,1585,1586
1561,1586,1564
1562,1587,1588
1563,1588,1580
1564,1589,1590
1565,1590,1591
1566,1591,1592
1567,1592,1593
1568,1593,1594
1569,1594,1595
1570,1595,1596
1571,1596,1597
1572,1597,1598
1573,1598,1599
1574,1599,1600
1575,1600,1601
1576,1601,1602
1577,1602,1603
1578,1603,1604
1579,1604,1605
1580,1605,1606
1581,1606,1607
1582,1607,1608
1583,1608,1609
1584,1609,1610
1585,1610,1611
1586,1611,1612
1587,1612,1613
1588,1613,1614
1589,1614,1615
1590,1615,1616
1591,1616,1617
1592,1617,1618
1593,1618,1619
1594,1619,1620
1595,1620,1621
1596,1621,1622
1597,1622,1623
1598,1623,1624
1599,1624,1625
1600,1625,1626
1601,1626,1627
1602,1627,1628
1603,1628,1629
1604,1629,1630
1605,1631,1632
1606,1633,1634
1607,1634,1635
1608,1635,1636
1609,1637,1638
1610,1638,1639
1611,1640,1641
1612,1641,1642
1613,1642,1643
1614,1643,1644
1615,1644,1645
1616,1645,1646
1617,1646,1647
1618,1647,1648
1619,1648,1649
1620,1650,1651
1621,1651,1652
1622,1652,1653
1623,1653,1654
1624,1655,1656
1625,1656,1657
1626,1657,1658
1627,1658,1659
1628,1659,1660
1629,1660,1661
1630,1661,1662
1631,1662,1562
1632,1663,1664
1633,1664,1584
1634,1665,1588
1635,1666,1538
1636,1667,1532
1637,1668,1482
1638,1669,1517
1639,1670,1590
1640,1671,1661
1641,1672,1673
1642,1673,1674
1643,1674,1582
1644,1675,1520
1645,1676,1673
1646,1677,1678
1647,1678,1679
1648,1679,1586
1649,1680,1681
1650,1681,1682
1651,1682,1683
1652,1683,1684
1653,1684,1685
1654,1685,1686
1655,1686,1687
1656,1687,1561
1657,1688,1519
1658,1689,1533
1659,1690,1534
1660,1691,1692
1661,1692,1679
1662,1693,1660
1663,1694,1577
1664,1695,1696
1665,1696,1697
1666,1697,1518
1667,1698,1539
1668,1699,1687
1669,1700,1701
1670,1701,1681
1671,1702,1701
1672,1703,1664
1673,1704,1591
1674,1705,1706
1675,1706,1657
1676,1707,1686
1677,1708,1696
1678,1709,1710
1679,1710,1654
1680,1711,1592
1681,1712,1477
1682,1713,1714
1683,1714,1715
1684,1715,1593
1685,1716,1682
1686,1717,1674
1687,1718,1714
1688,1719,1720
1689,1720,1692
1690,1721,1537
1691,1722,1723
1692,1723,1724
1693,1724,1725
1694,1725,1726
1695,1726,1710
1696,1727,1723
1697,1728,1697
1698,1729,1715
1699,1730,1731
1700,1731,1732
1701,1732,1733
1702,1733,1734
1703,1734,1735
1704,1735,1736
1705,1736,1594
1706,1737,1659
1707,1738,1678
1708,1739,1740
1709,1740,1685
1710,1741,1742
1711,1742,1743
1712,1743,1596
1713,1744,1725
1714,1745,1706
1715,1746,1683
1716,1747,1742
1717,1748,1749
1718,1749,1750
1719,1750,1720
1720,1751,1752
1721,1752,1753
1722,1753,1536
1723,1754,1755
1724,1755,1684
1725,1756,1755
1726,1757,1758
1727,1758,1750
1728,1759,1760
1729,1760,1753
1730,1761,1762
1731,1762,1763
1732,1763,1749
1733,1764,1765
1734,1765,1535
1735,1766,1724
1736,1767,1762
1737,1768,1758
1738,1769,1752
1739,1770,1771
1740,1771,1772
1741,1772,1773
1742,1773,1774
1743,1774,1775
1744,1775,1776
1745,1776,1777
1746,1777,1778
1747,1778,1779
1748,1779,1780
1749,1780,1781
1750,1781,1782
1751,1782,1783
1752,1783,1784
1753,1784,1785
1754,1785,1786
1755,1786,1787
1756,1787,1788
1757,1788,1789
1758,1789,1790
1759,1790,1791
1760,1791,1792
1761,1792,1793
1762,1793,1794
1763,1794,1795
1764,1795,1796
1765,1796,1797
1766,1797,1798
1767,1798,1799
1768,1799,1800
1769,1800,1610
1770,1801,1802
1771,1802,1731
1772,1803,1802
1773,1804,1734
1774,1805,1662
1775,1806,1778
1776,1807,1771
1777,1808,1809
1778,1809,1810
1779,1810,1651
1780,1811,1809
1781,1812,1733
1782,1813,1772
1783,1814,1815
1784,1815,1816
1785,1816,1763
1786,1817,1818
1787,1818,1740
1788,1819,1656
1789,1820,1815
1790,1821,1822
1791,1822,1773
1792,1823,1743
1793,1824,1825
1794,1825,1826
1795,1826,1658
1796,1827,1810
1797,1828,1765
1798,1829,1830
1799,1830,1831
1800,1831,1832
1801,1832,1833
1802,1833,1834
1803,1834,1835
1804,1835,1836
1805,1836,1837
1806,1837,1838
1807,1838,1839
1808,1839,1840
1809,1840,1841
1810,1841,1842
1811,1842,1625
1812,1843,1726
1813,1844,1818
1814,1845,1736
1815,1846,1774
1816,1847,1595
1817,1848,1849
1818,1849,1826
1819,1850,1598
1820,1851,1852
1821,1852,1853
1822,1853,1760
1823,1854,1855
1824,1855,1856
1825,1856,1857
1826,1857,1858
1827,1858,1859
1828,1859,1860
1829,1860,1861
1830,1861,1862
1831,1862,1777
1832,1863,1822
1833,1864,1865
1834,1865,1849
1835,1866,1867
1836,1867,1852
1837,1868,1869
1838,1869,1870
1839,1870,1871
1840,1871,1872
1841,1872,1873
1842,1873,1816
1843,1874,1867
1844,1875,1853
1845,1876,1830
1846,1877,1878
1847,1878,1879
1848,1879,1880
1849,1880,1881
1850,1881,1882
1851,1882,1883
1852,1883,1884
1853,1884,1885
1854,1886,1887
1855,1887,1825
1856,1888,1889
1857,1889,1732
1858,1890,1599
1859,1891,1856
1860,1892,1893
1861,1893,1894
1862,1894,1895
1863,1896,1649
1864,1897,1896
1865,1898,1899
1866,1899,1900
1867,1900,1901
1868,1901,1902
1869,1902,1903
1870,1903,1904
1871,1904,1905
1872,1905,1906
1873,1906,1800
1874,1907,1908
1875,1908,1893
1876,1909,1889
1877,1910,1597
1878,1911,1819
1879,1912,1873
1880,1913,1855
1881,1914,1869
1882,1915,1916
1883,1916,1865
1884,1917,1878
1885,1918,1775
1886,1919,1920
1887,1920,1921
1888,1921,1908
1889,1922,1923
1890,1923,1924
1891,1924,1925
1892,1925,1926
1893,1926,1835
1894,1927,1600
1895,1928,1870
1896,1929,1886
1897,1930,1931
1898,1931,1932
1899,1932,1933
1900,1933,1934
1901,1934,1935
1902,1935,1936
1903,1936,1937
1904,1937,1938
1905,1938,1939
1906,1939,1940
1907,1941,1940
1908,1940,1942
1909,1943,1944
1910,1944,1945
1911,1945,1780
1912,1946,1916
1913,1947,1879
1914,1948,1776
1915,1949,1872
1916,1950,1951
1917,1951,1735
1918,1952,1831
1919,1953,1857
1920,1954,1955
1921,1955,1858
1922,1956,1923
1923,1957,1601
1924,1958,1887
1925,1959,1880
1926,1960,1961
1927,1961,1920
1928,1962,1963
1929,1963,1832
1930,1964,1921
1931,1965,1945
1932,1966,1602
1933,1967,1968
1934,1968,1859
1935,1969,1925
1936,1970,1944
1937,1971,1972
1938,1972,1973
1939,1973,1961
1940,1974,1604
1941,1975,1860
1942,1976,1884
1943,1977,1968
1944,1978,1605
1945,1979,1980
1946,1980,1782
1947,1981,1951
1948,1982,1955
1949,1983,1603
1950,1984,1985
1951,1985,1986
1952,1986,1608
1953,1987,1963
1954,1988,1871
1955,1989,1924
1956,1990,1991
1957,1991,1972
1958,1992,1881
1959,1993,1994
1960,1994,1980
1961,1995,1985
1962,1996,1997
1963,1998,1999
1964,1999,2000
1965,2000,2001
1966,2001,2002
1967,2002,2003
1968,2003,2004
1969,2004,1938
1970,2005,1862
1971,2006,1986
1972,2007,1991
1973,2008,2009
1974,2010,1997
1975,2011,1973
1976,2012,2013
1977,2013,2001
1978,2014,2015
1979,2015,2016
1980,2016,1861
1981,2017,2015
1982,2018,2019
1983,2019,2020
1984,2020,1833
1985,2021,1899
1986,2022,1882
1987,2023,2024
1988,2024,1994
1989,2025,1606
1990,2026,1999
1991,2027,2016
1992,2028,2020
1993,2029,2030
1994,2030,2000
1995,2031,2024
1996,2032,1607
1997,2033,2034
1998,2034,2019
1999,2035,2036
2000,2036,2037
2001,2037,1613
2002,2038,2030
2003,2039,2040
2004,2040,2009
2005,2041,2042
2006,2042,1904
2007,2043,2044
2008,2044,1612
2009,2045,2036
2010,2046,1609
2011,2047,2048
2012,2048,2049
2013,2049,2037
2014,2050,1779
2015,2051,1783
2016,2052,2003
2017,2053,1926
2018,2054,2042
2019,2055,1900
2020,2056,1903
2021,2057,1931
2022,2058,2040
2023,2059,2034
2024,2060,1787
2025,2061,1834
2026,2062,2063
2027,2063,1930
2028,2064,1901
2029,2065,2052
2030,2066,2049
2031,2067,1785
2032,2068,2069
2033,2069,2070
2034,2070,1781
2035,2071,1647
2036,2072,2073
2037,2073,2074
2038,2074,2075
2039,2076,1836
2040,2077,1902
2041,2078,1784
2042,2079,2080
2043,2080,2081
2044,2081,2013
2045,2082,2080
2046,2083,1939
2047,2084,1905
2048,2085,1839
2049,2086,1789
2050,2087,2073
2051,2088,2004
2052,2089,2044
2053,2090,1837
2054,2091,2063
2055,2092,1791
2056,2093,2069
2057,2094,1841
2058,2095,2048
2059,2096,1838
2060,2097,2081
2061,2098,1934
2062,2099,2100
2063,2100,2101
2064,2101,2070
2065,2102,1786
2066,2103,2101
2067,2104,1932
2068,2105,1792
2069,2106,2074
2070,2107,2108
2071,2108,2109
2072,2109,2110
2073,2110,1626
2074,2111,1799
2075,2112,1793
2076,2113,1933
2077,2114,1614
2078,2115,2108
2079,2116,1840
2080,2117,1906
2081,2118,2075
2082,2119,2120
2083,2120,2121
2084,2121,2110
2085,2122,1790
2086,2123,1935
2087,2124,2125
2088,2125,1937
2089,2126,2127
2090,2127,1619
2091,2129,2120
2092,2130,2100
2093,2131,2127
2094,2132,1794
2095,2133,2134
2096,2134,1788
2097,2135,1622
2098,2136,2125
2099,2137,2138
2100,2138,2134
2101,2139,1615
2102,2140,1795
2103,2141,2138
2104,2142,1797
2105,2143,2144
2106,2144,1632
2107,2145,2146
2108,2146,1630
2109,2147,2148
2110,2148,1616
2111,2149,2109
2112,2150,1617
2113,2151,2121
2114,2152,1618
2115,2153,2154
2116,2154,1611
2117,2155,1621
2118,2156,2157
2119,2157,2158
2120,2158,1645
2121,2159,2160
2122,2160,1796
2123,2161,2162
2124,2162,2163
2125,2163,2160
2126,2164,2146
2127,2165,2166
2128,2166,2167
2129,2167,2168
2130,2169,1842
2131,2170,2163
2132,2171,1627
2133,2172,2162
2134,2173,2174
2135,2174,2154
2136,2175,2176
2137,2176,1620
2138,2177,1640
2139,2178,2179
2140,2179,1798
2141,2180,2181
2142,2181,2166
2143,2182,1628
2144,2183,2144
2145,2184,2185
2146,2185,2179
2147,2186,2187
2148,2187,2176
2149,2188,1623
2150,2189,2187
2151,2190,2191
2152,2191,2157
2153,2192,2193
2154,2193,2194
2155,2194,2174
2156,2195,2181
2157,2196,1629
2158,2197,2198
2159,2198,2199
2160,2199,2185
2161,2200,1634
2162,2201,2202
2163,2202,2203
2164,2203,2204
2165,2204,2205
2166,2205,2206
2167,2206,2207
2168,2207,2199
2169,2208,2167
2170,2209,2207
2171,2210,2211
2172,2211,2212
2173,2212,2194
2174,2213,2214
2175,2214,2215
2176,2216,2203
2177,2217,2198
2178,2218,2219
2179,2219,2220
2180,2220,2221
2181,2221,1624
2182,2222,1636
2183,2223,2202
2184,2224,2220
2185,2225,2211
2186,2226,2227
2187,2227,2148
2188,2228,2227
2189,2229,2219
2190,2230,2215
2191,2231,2232
2192,2232,2221
2193,2233,2206
2194,2234,2212
2195,2235,2236
2196,2236,2237
2197,2237,2238
2198,2238,2193
2199,2239,2240
2200,2240,2241
2201,2241,2242
2202,2242,2243
2203,2243,2244
2204,2244,2245
2205,2245,2191
2206,2246,2214
2207,2247,1631
2208,2248,2249
2209,2249,2250
2210,2250,2251
2211,2251,2246
2212,2252,2253
2213,2253,2204
2214,2254,2238
2215,2255,2237
2216,2256,2257
2217,2257,2258
2218,2258,2259
2219,2259,2260
2220,2260,2261
2221,2261,2232
2222,2262,2249
2223,2263,2264
2224,2264,2265
2225,2265,2266
2226,2266,2267
2227,2267,2268
2228,2268,2269
2229,2269,2270
2230,2270,2271
2231,2271,2272
2232,2272,2273
2233,2273,2274
2234,2274,2275
2235,2275,2276
2236,2276,2277
2237,2277,2278
2238,2278,2279
2239,2279,2280
2240,2280,2281
2241,2281,2282
2242,2282,2283
2243,2283,2284
2244,2284,2285
2245,2285,2286
2246,2286,2287
2247,2287,2288
2248,2288,2289
2249,2289,2290
2250,2290,2291
2251,2291,2292
2252,2292,2293
2253,2293,2294
2254,2294,2295
2255,2295,2296
2256,2296,2242
2257,2297,2258
2258,2298,2299
2259,2299,2300
2260,2300,2205
2261,2301,2302
2262,2302,2261
2263,2303,2304
2264,2304,2305
2265,2306,2260
2266,2307,2243
2267,2308,2240
2268,2309,2304
2269,2310,2253
2270,2311,2257
2271,2312,1635
2272,2313,2314
2273,2314,2299
2274,2315,2251
2275,2316,2317
2276,2317,2300
2277,2318,2319
2278,2319,2244
2279,2320,2321
2280,2321,2319
2281,2322,2323
2282,2323,2236
2283,2324,2321
2284,2325,2264
2285,2326,2327
2286,2328,2241
2287,2329,2330
2288,2330,2331
2289,2331,2302
2290,2332,2333
2291,2333,2266
2292,2334,2250
2293,2335,2323
2294,2336,2328
2295,2337,2245
2296,2338,2339
2297,2339,2340
2298,2340,2341
2299,2341,2317
2300,2342,2343
2301,2343,2344
2302,2344,2345
2303,2345,2239
2304,2346,2347
2305,2347,2348
2306,2348,2349
2307,2349,2259
2308,2350,2339
2309,2351,2352
2310,2352,2345
2311,2353,2348
2312,2354,2331
2313,2355,2333
2314,2356,2357
2315,2357,2341
2316,2358,2359
2317,2359,2360
2318,2360,2361
2319,2361,2296
2320,2362,2357
2321,2363,2349
2322,2364,2352
2323,2365,2366
2324,2366,2330
2325,2367,2347
2326,2368,2359
2327,2369,2370
2328,2371,2372
2329,2372,2373
2330,2373,2360
2331,2374,2375
2332,2375,2340
2333,2376,2377
2334,2377,2378
2335,2378,2379
2336,2379,2375
2337,2380,2381
2338,2381,2382
2339,2382,2366
2340,2383,2295
2341,2384,2265
2342,2385,2268
2343,2386,2387
2344,2387,2388
2345,2388,2271
2346,2389,2382
2347,2390,2372
2348,2391,2387
2349,2392,2269
2350,2393,2394
2351,2394,2335
2352,2395,2381
2353,2396,2270
2354,2397,2378
2355,2398,2379
2356,2399,2267
2357,2400,2401
2358,2401,2402
2359,2402,2403
2360,2403,2373
2361,2404,2405
2362,2405,2272
2363,2406,2405
2364,2407,2408
2365,2408,2409
2366,2409,2343
2367,2410,2388
2368,2411,2409
2369,2412,2413
2370,2413,2293
2371,2414,2377
2372,2415,2401
2373,2416,2417
2374,2417,2408
2375,2418,2419
2376,2419,2420
2377,2420,2421
2378,2421,2422
2379,2422,2423
2380,2423,2424
2381,2424,2425
2382,2425,2426
2383,2426,2427
2384,2427,2428
2385,2428,2429
2386,2429,2276
2387,2430,2417
2388,2431,2432
2389,2432,2413
2390,2433,2344
2391,2434,2435
2392,2435,2436
2393,2436,2437
2394,2438,2439
2395,2439,2440
2396,2440,2402
2397,2441,2394
2398,2442,2443
2399,2443,2281
2400,2444,2445
2401,2445,2439
2402,2446,2440
2403,2447,2448
2404,2448,2449
2405,2449,2450
2406,2450,2451
2407,2451,2452
2408,2452,2453
2409,2453,2454
2410,2454,2455
2411,2455,2456
2412,2456,2457
2413,2457,2458
2414,2458,2459
2415,2459,2460
2416,2460,2461
2417,2461,2462
2418,2462,2463
2419,2463,2464
2420,2464,2465
2421,2465,2466
2422,2466,2467
2423,2467,2468
2424,2468,2469
2425,2469,2470
2426,2470,2471
2427,2472,2473
2428,2473,2474
2429,2474,2475
2430,2475,2286
2431,2476,2403
2432,2477,2273
2433,2478,2419
2434,2479,2480
2435,2480,2275
2436,2481,2443
2437,2482,2294
2438,2483,2484
2439,2484,2485
2440,2485,2279
2441,2486,2280
2442,2487,2420
2443,2488,2489
2444,2489,2490
2445,2490,2491
2446,2491,2450
2447,2492,2435
2448,2493,2274
2449,2494,2445
2450,2495,2421
2451,2496,2283
2452,2497,2480
2453,2498,2423
2454,2499,2500
2455,2500,2485
2456,2501,2502
2457,2502,2448
2458,2503,2500
2459,2504,2422
2460,2505,2502
2461,2506,2507
2462,2507,2291
2463,2508,2282
2464,2509,2507
2465,2510,2511
2466,2511,2489
2467,2512,2513
2468,2513,2436
2469,2514,2515
2470,2515,2292
2471,2516,2484
2472,2517,2429
2473,2518,2424
2474,2519,2449
2475,2520,2521
2476,2521,2511
2477,2522,2284
2478,2523,2524
2479,2524,2525
2480,2526,2432
2481,2527,2521
2482,2528,2515
2483,2529,2437
2484,2530,2426
2485,2531,2532
2486,2532,2533
2487,2534,2428
2488,2535,2536
2489,2536,2289
2490,2537,2277
2491,2538,2524
2492,2539,2451
2493,2540,2541
2494,2541,2473
2495,2542,2536
2496,2543,2425
2497,2544,2278
2498,2545,2541
2499,2546,2547
2500,2547,2548
2501,2549,2550
2502,2550,2532
2503,2551,2552
2504,2552,2553
2505,2553,2554
2506,2554,2555
2507,2555,2556
2508,2556,2557
2509,2557,2558
2510,2558,2559
2511,2559,2560
2512,2560,2561
2513,2561,2562
2514,2562,2563
2515,2563,2564
2516,2564,2565
2517,2565,2566
2518,2566,2567
2519,2567,2568
2520,2568,2569
2521,2569,2570
2522,2570,2571
2523,2571,2572
2524,2572,2573
2525,2573,2574
2526,2574,2575
2527,2575,2460
2528,2576,2491
2529,2577,2490
2530,2578,2285
2531,2579,2513
2532,2580,2290
2533,2581,2550
2534,2582,2583
2535,2583,2470
2536,2584,2427
2537,2585,2452
2538,2586,2583
2539,2587,2465
2540,2588,2589
2541,2589,2590
2542,2590,2591
2543,2591,2592
2544,2592,2469
2545,2593,2552
2546,2594,2454
2547,2595,2474
2548,2596,2597
2549,2597,2553
2550,2598,2457
2551,2599,2455
2552,2600,2453
2553,2601,2458
2554,2602,2463
2555,2603,2288
2556,2604,2605
2557,2605,2606
2558,2606,2607
2559,2607,2597
2560,2608,2555
2561,2609,2459
2562,2610,2611
2563,2612,2547
2564,2613,2475
2565,2614,2607
2566,2615,2456
2567,2616,2461
2568,2617,2566
2569,2611,2548
2570,2618,2558
2571,2619,2620
2572,2620,2605
2573,2621,2620
2574,2622,2472
2575,2623,2624
2576,2625,2626
2577,2626,2627
2578,2628,2571
2579,2629,2630
2580,2630,2631
2581,2631,2626
2582,2632,2630
2583,2633,2634
2584,2634,2635
2585,2635,2636
2586,2636,2637
2587,2637,2638
2588,2638,2639
2589,2639,2640
2590,2640,2641
2591,2641,2642
2592,2642,2643
2593,2643,2644
2594,2644,2645
2595,2645,2646
2596,2646,2647
2597,2647,2648
2598,2648,2556
2599,2649,2559
2600,2650,2467
2601,2651,2652
2602,2652,2606
2603,2653,2557
2604,2654,2554
2605,2655,2652
2606,2656,2562
2607,2657,2560
2608,2658,2565
2609,2659,2468
2610,2660,2634
2611,2661,2568
2612,2662,2464
2613,2663,2573
2614,2664,2575
2615,2665,2666
2616,2666,2667
2617,2667,2462
2618,2668,2561
2619,2669,2641
2620,2670,2667
2621,2671,2666
2622,2672,2569
2623,2673,2591
2624,2674,2675
2625,2675,2631
2626,2676,2637
2627,2677,2563
2628,2678,2638
2629,2679,2680
2630,2680,2681
2631,2681,2682
2632,2682,2592
2633,2683,2675
2634,2684,2642
2635,2685,2686
2636,2686,2635
2637,2687,2688
2638,2688,2466
2639,2689,2588
2640,2690,2589
2641,2691,2692
2642,2692,2564
2643,2693,2694
2644,2694,2681
2645,2695,2640
2646,2696,2697
2647,2697,2680
2648,2698,2699
2649,2699,2567
2650,2700,2643
2651,2701,2702
2652,2702,2648
2653,2703,2574
2654,2704,2705
2655,2705,2706
2656,2706,2627
2657,2707,2708
2658,2709,2570
2659,2710,2702
2660,2711,2645
2661,2712,2646
2662,2713,2647
2663,2714,2686
2664,2715,2682
2665,2716,2705
2666,2717,2718
2667,2718,2719
2668,2719,2688
2669,2720,2721
2670,2721,2722
2671,2722,2723
2672,2723,2724
2673,2724,2692
2674,2725,2726
2675,2726,2727
2676,2727,2728
2677,2728,2718
2678,2729,2728
2679,2730,2724
2680,2731,2732
2681,2733,2590
2682,2734,2636
2683,2735,2706
2684,2736,2737
2685,2737,2738
2686,2738,2644
2687,2739,2740
2688,2740,2694
2689,2741,2742
2690,2742,2697
2691,2743,2744
2692,2744,2745
2693,2745,2746
2694,2746,2721
2695,2747,2748
2696,2748,2639
2697,2749,2744
2698,2750,2751
2699,2751,2572
2700,2752,2753
2701,2753,2740
2702,2754,2738
2703,2755,2727
2704,2756,2757
2705,2757,2758
2706,2758,2759
2707,2759,2760
2708,2760,2761
2709,2761,2762
2710,2762,2763
2711,2764,2765
2712,2765,2766
2713,2766,2767
2714,2767,2768
2715,2769,2748
2716,2770,2767
2717,2771,2772
2718,2772,2742
2719,2773,2774
2720,2774,2775
2721,2775,2776
2722,2776,2745
2723,2777,2778
2724,2778,2772
2725,2779,2780
2726,2781,2759
2727,2782,2783
2728,2783,2784
2729,2784,2785
2730,2785,2737
2731,2786,2765
2732,2787,2776
2733,2788,2789
2734,2789,2726
2735,2790,2757
2736,2791,2792
2737,2792,2785
2738,2793,2794
2739,2795,2699
2740,2796,2746
2741,2797,2722
2742,2798,2758
2743,2799,2800
2744,2800,2751
2745,2801,2719
2746,2802,2752
2747,2803,2804
2748,2804,2789
2749,2805,2775
2750,2806,2807
2751,2808,2809
2752,2809,2760
2753,2810,2804
2754,2811,2784
2755,2812,2800
2756,2813,2814
2757,2814,2766
2758,2815,2774
2759,2816,2817
2760,2817,2778
2761,2818,2819
2762,2820,2821
2763,2821,2783
2764,2822,2823
2765,2823,2824
2766,2824,2825
2767,2825,2826
2768,2826,2827
2769,2827,2828
2770,2828,2817
2771,2829,2830
2772,2830,2792
2773,2831,2809
2774,2832,2761
2775,2833,2821
2776,2834,2835
2777,2835,2836
2778,2836,2837
2779,2837,2838
2780,2838,2839
2781,2840,2827
2782,2841,2830
2783,2842,2843
2784,2843,2723
2785,2844,2845
2786,2845,2846
2787,2846,2847
2788,2847,2848
2789,2848,2843
2790,2849,2826
2791,2850,2823
2792,2851,2852
2793,2852,2845
2794,2853,2814
2795,2854,2855
2796,2855,2856
2797,2856,2857
2798,2857,2858
2799,2858,2859
2800,2859,2860
2801,2860,2861
2802,2861,2862
2803,2862,2863
2804,2863,2825
2805,2864,2837
2806,2865,2856
2807,2866,2855
2808,2867,2861
2809,2868,2869
2810,2869,2870
2811,2870,2871
2812,2872,2858
2813,2873,2824
2814,2874,2875
2815,2875,2847
2816,2876,2877
2817,2877,2878
2818,2878,2838
2819,2879,2835
2820,2880,2881
2821,2881,2836
2822,2882,2883
2823,2883,2884
2824,2884,2885
2825,2885,2886
2826,2886,2887
2827,2887,2763
2828,2888,2846
2829,2889,2875
2830,2890,2891
2831,2891,2857
2832,2892,2883
2833,2893,2862
2834,2894,2895
2835,2895,2896
2836,2896,2852
2837,2897,2762
2838,2898,2877
2839,2899,2848
2840,2900,2896
2841,2901,2902
2842,2902,2891
2843,2903,2860
2844,2904,2895
2845,2905,2885
2846,2906,2907
2847,2907,2863
2848,2908,2909
2849,2909,2910
2850,2910,2878
2851,2911,2912
2852,2912,2913
2853,2913,2914
2854,2914,2915
2855,2915,2916
2856,2916,2917
2857,2917,2886
2858,2918,2887
2859,2919,2881
2860,2920,2921
2861,2921,2922
2862,2922,2923
2863,2923,2924
2864,2924,2859
2865,2925,2884
2866,2926,2927
2867,2927,2922
2868,2928,2929
2869,2929,2930
2870,2931,2932
2871,2933,2934
2872,2934,2869
2873,2935,2912
2874,2936,2937
2875,2937,2907
2876,2938,2921
2877,2939,2940
2878,2940,2941
2879,2941,2909
2880,2942,2943
2881,2943,2944
2882,2944,2910
2883,2945,2944
2884,2946,2947
2885,2947,2948
2886,2948,2924
2887,2949,2950
2888,2950,2828
2889,2951,2923
2890,2952,2953
2891,2953,2934
2892,2954,2955
2893,2955,2931
2894,2956,2941
2895,2957,2915
2896,2958,2948
2897,2959,2913
2898,2960,2929
2899,2961,2953
2900,2962,2963
2901,2963,2950
2902,2964,2955
2903,2965,2943
2904,2966,2914
2905,2967,2927
2906,2968,2940
2907,2969,2768
2908,2970,2963
2909,2971,2972
2910,2972,2870
2911,2973,2974
2912,2974,2975
2913,2975,2976
2914,2976,2937
2915,2977,2976
2916,2978,2979
2917,2979,2980
2918,2980,2981
2919,2981,2982
2920,2982,2983
2921,2983,2984
2922,2984,2985
2923,2985,2986
2924,2986,2987
2925,2987,2988
2926,2988,2989
2927,2989,2990
2928,2990,2991
2929,2991,2992
2930,2992,2993
2931,2993,2994
2932,2994,2995
2933,2995,2996
2934,2996,2997
2935,2997,2998
2936,2998,2999
2937,2999,3000
2938,3000,3001
2939,3001,3002
2940,3002,3003
2941,3003,3004
2942,3004,3005
2943,3005,3006
2944,3007,2974
2945,3008,3009
2946,3009,3010
2947,3010,2947
2948,3011,3012
2949,3012,3009
2950,3013,3014
2951,3014,3015
2952,3015,3016
2953,3016,3017
2954,3017,2981
2955,3018,3006
2956,3019,3020
2957,3020,3021
2958,3021,2979
2959,3022,2975
2960,3023,3024
2961,3024,3025
2962,3025,3004
2963,3026,3027
2964,3027,3028
2965,3028,2972
2966,3029,3021
2967,3030,3017
2968,3031,3020
2969,3032,3014
2970,3033,3024
2971,3034,3012
2972,3035,3036
2973,3036,3028
2974,3037,3038
2975,3038,2916
2976,3039,2917
2977,3040,3036
2978,3041,3027
2979,3042,3043
2980,3043,3044
2981,3044,3045
2982,3045,3046
2983,3046,2983
2984,3047,3048
2985,3048,3015
2986,3049,3050
2987,3050,3010
2988,3051,3052
2989,3052,3005
2990,3053,3054
2991,3054,3055
2992,3055,3056
2993,3056,3057
2994,3057,3050
2995,3058,3038
2996,3059,3060
2997,3060,2980
2998,3061,3048
2999,3062,3060
3000,3063,3057
3001,3064,3065
3002,3065,2999
3003,3066,3054
3004,3067,3025
3005,3068,3069
3006,3069,3052
3007,3070,3071
3008,3071,3072
3009,3072,3069
3010,3073,3056
3011,3074,3075
3012,3075,3043
3013,3076,3045
3014,3077,3002
3015,3078,3003
3016,3079,3001
3017,3080,3081
3018,3081,3055
3019,3082,3083
3020,3083,3065
3021,3084,3085
3022,3085,3086
3023,3086,3087
3024,3087,3088
3025,3088,3089
3026,3089,3090
3027,3090,3091
3028,3091,3092
3029,3092,3093
3030,3093,3094
3031,3094,3095
3032,3095,3096
3033,3096,3097
3034,3097,3098
3035,3098,3099
3036,3099,3100
3037,3100,3101
3038,3101,3102
3039,3102,3103
3040,3103,2986
3041,3104,3105
3042,3105,3016
3043,3106,3105
3044,3107,3108
3045,3108,3081
3046,3109,2998
3047,3110,3083
3048,3111,2982
3049,3112,3075
3050,3113,3114
3051,3114,3115
3052,3115,3116
3053,3116,3086
3054,3117,3071
3055,3118,3108
3056,3119,3085
3057,3120,3046
3058,3121,3044
3059,3122,3123
3060,3123,3124
3061,3124,2985
3062,3125,3124
3063,3126,3127
3064,3127,3000
3065,3128,3116
3066,3129,3130
3067,3130,3114
3068,3131,2997
3069,3132,3123
3070,3133,3134
3071,3134,3127
3072,3135,3088
3073,3136,3137
3074,3137,3130
3075,3138,3139
3076,3139,2984
3077,3140,3072
3078,3141,3137
3079,3142,3089
3080,3143,3139
3081,3144,3145
3082,3145,2993
3083,3146,3147
3084,3147,3087
3085,3148,3145
3086,3149,3147
3087,3150,2987
3088,3151,3152
3089,3152,3092
3090,3153,3154
3091,3154,3115
3092,3155,2995
3093,3156,3091
3094,3157,3158
3095,3158,3159
3096,3159,3160
3097,3160,2996
3098,3161,3152
3099,3162,3163
3100,3163,3164
3101,3164,3154
3102,3165,2989
3103,3166,2988
3104,3167,2994
3105,3168,3103
3106,3169,3102
3107,3170,3171
3108,3171,3164
3109,3172,2991
3110,3173,3158
3111,3174,3093
3112,3175,3171
3113,3176,3163
3114,3177,3178
3115,3178,3179
3116,3179,3090
3117,3180,3178
3118,3181,3095
3119,3182,3183
3120,3183,3134
3121,3184,3185
3122,3185,2992
3123,3186,3101
3124,3187,3179
3125,3188,3189
3126,3189,3159
3127,3190,3096
3128,3191,3192
3129,3192,3185
3130,3193,3194
3131,3194,3195
3132,3195,3183
3133,3196,3197
3134,3197,2990
3135,3198,3189
3136,3199,3200
3137,3200,3195
3138,3201,3097
3139,3202,3203
3140,3203,3094
3141,3204,3205
3142,3205,3206
3143,3206,3100
3144,3207,3203
3145,3208,3206
3146,3209,3210
3147,3210,3211
3148,3211,3192
3149,3212,3211
3150,3213,3214
3151,3214,3200
3152,3215,3098
3153,3216,3217
3154,3217,3099
3155,3218,3219
3156,3219,3205
3157,3220,3197
3158,3221,3222
3159,3222,3194
3160,3223,3222
3161,3224,3225
3162,3225,3226
3163,3226,3227
3164,3227,3228
3165,3228,3217
3166,3229,3230
3167,3230,3219
3168,3231,3232
3169,3232,3210
3170,3233,3228
3171,3234,3235
3172,3235,3236
3173,3236,3160
3174,3237,3232
3175,3238,3235
3176,3239,3227
3177,3240,3214
3178,3241,3230
3179,3242,3243
3180,3244,3245
3181,3246,3225
3182,3247,3248
3183,3248,3249
3184,3249,3236
3185,3250,3251
3186,3251,3252
3187,3252,3253
3188,3254,3255
3189,3255,3256
3190,3257,3249
3191,3258,3259
3192,3259,3260
3193,3261,3257
3194,3262,3263
3195,3263,3248
3196,3264,3265
3197,3266,3267
3198,3268,3251
3199,3269,3263
3200,3270,3243
3201,3271,3272
3202,3273,3274
3203,3274,3275
3204,3275,3226
3205,3276,3277
3206,3277,3265
3207,3278,3279
3208,3279,3280
3209,3280,3281
3210,3281,3252
3211,3282,3283
3212,3284,3259
3213,3285,3279
3214,3286,3287
3215,3287,3277
3216,3288,3274
3217,3289,3280
3218,3290,3291
3219,3291,3266
3220,3292,3283
3221,3293,3294
3222,3294,3295
3223,3295,3296
3224,3297,3281
3225,3298,3299
3226,3299,3300
3227,3300,3291
3228,3301,3294
3229,3302,3287
3230,3303,3304
3231,3305,3300
3232,3306,3275
3233,3307,3308
3234,3309,3310
3235,3310,3295
3236,3311,3299
3237,3312,3255
3238,3313,3310
3239,3314,3315
3240,3315,3296
3241,3316,3317
3242,3317,3318
3243,3319,3320
3244,3321,3322
3245,3322,3317
3246,3323,3324
3247,3324,3322
3248,3325,3315
3249,3326,3327
3250,3328,3329
3251,3329,3254
3252,3330,3324
3253,3331,3332
3254,3332,3329
3255,3333,3334
3256,3335,3332
3257,3336,3337
3258,3338,3339
3259,3339,3340
3260,3340,3341
3261,3342,3343
3262,3343,3339
3263,3344,3345
3264,3345,3346
3265,3346,3340
3266,3347,3343
3267,3348,3346
3268,3349,3350
3269,3350,3351
3270,3351,3352
3271,3352,3345
3272,3353,3351
3273,3354,3350
3274,3355,3352
3275,3356,2577
3276,3357,2577
3277,2471,2472
3278,3358,2471
3279,3359,2509
3280,3360,2509
3281,3361,2369
3282,3362,2369
3283,2370,2361
3284,3363,2370
3285,3364,3363
3286,3365,3363
3287,2327,2328
3288,3366,2327
3289,3367,2335
3290,3368,3369
3291,3370,3371
3292,3372,3373
3293,3374,3375
3294,3376,3374
3295,3377,3376
3296,3379,3380
3297,3381,3382
3298,3383,3384
3299,3385,3386
3300,3387,3388
3301,3389,3390
3302,3391,3383
3303,3392,3391
3304,3393,3394
3305,3373,3375
3306,3395,3396
3307,3388,3381
3308,3397,3398
3309,3399,3372
3310,3400,3393
3311,3401,3397
3312,3386,3387
3313,3396,3368
3314,3380,3399
3315,3394,3381
3316,3384,3379
3317,3403,3404
3318,3382,3389
3319,3371,3368
3320,3390,3392
3321,3404,3377
3322,3398,3370
3323,3406,3400
3324,3407,3385
3325,3408,3403
3326,3369,3374
3327,3375,1644
3328,3410,3411
3329,3412,3413
3330,3411,3415
3331,3415,1643
3332,3416,3415
3333,3417,3410
3334,3419,3417
3335,3413,3417
3336,3420,3421
3337,3421,1640
3338,1639,2177
3339,3423,2177
3340,1636,1637
3341,3424,3425
3342,3426,3424
3343,3428,3425
3344,3425,1637
3345,2215,2168
3346,2168,3430
3347,3430,3432
3348,3432,3433
3349,3434,3432
3350,3435,3434
3351,3436,3437
3352,3438,3436
3353,3439,3437
3354,3437,3440
3355,3441,3440
3356,3440,3442
3357,3443,3442
3358,3442,3444
3359,3433,3445
3360,3446,3444
3361,2075,3445
3362,3447,3448
3363,3448,3449
3364,3449,3450
3365,3450,3451
3366,3452,3451
3367,3453,3454
3368,3455,3452
3369,3454,3455
3370,3445,3452
3371,3458,3459
3372,2009,3458
3373,3451,3460
3374,3460,3462
3375,3462,3463
3376,3464,3465
3377,3466,3463
3378,3467,3468
3379,3469,3470
3380,3471,3469
3381,3468,3464
3382,3472,3467
3383,3474,3466
3384,3470,3465
3385,3463,3458
3386,3476,3470
3387,3459,3476
3388,1997,3476
3389,3478,3479
3390,3480,3478
3391,3481,3480
3392,3482,3483
3393,3484,3483
3394,3485,3486
3395,3487,3488
3396,3483,3489
3397,3490,3484
3398,3491,3492
3399,3493,3494
3400,3495,3496
3401,3497,3498
3402,3488,3499
3403,3500,3501
3404,3486,3502
3405,3503,3481
3406,3492,3503
3407,3505,3490
3408,3501,3506
3409,3506,3495
3410,3496,3493
3411,3489,3491
3412,3494,3482
3413,3498,3500
3414,3499,3485
3415,3465,3481
3416,3479,1894
3417,1895,1896
3418,3502,1895
3419,3510,3511
3420,3512,3513
3421,3514,3515
3422,3516,3517
3423,3518,3519
3424,3520,3521
3425,3517,3522
3426,3513,3518
3427,3524,3520
3428,3526,3524
3429,3527,3528
3430,3521,3511
3431,3515,3529
3432,3530,3531
3433,3511,3517
3434,3522,3513
3435,3528,3516
3436,3531,3527
3437,3529,3531
3438,1649,1650
3439,3519,1650
3440,3532,3533
3441,3534,3532
3442,3535,3534
3443,3537,3535
3444,3539,3540
3445,3540,3541
3446,3542,3543
3447,3543,3544
3448,3544,3541
3449,3546,3544
3450,3547,3546
3451,3541,3534
3452,3548,3546
3453,1654,1655
3454,3533,1655
3455,1885,1886
3456,3549,1885
3457,1942,1883
3458,3550,3551
3459,3551,1941
3460,3552,1941
3461,1461,749
3462,57,58
3463,368,106
3464,334,104
3465,3553,3554
3466,3341,3555
3467,3555,3337
3468,3337,3554
3469,3334,3555
3470,3253,3553
3471,3554,3320
3472,3304,3556
3473,3308,3318
3474,3318,3556
3475,3556,3327
3476,3327,3553
3477,3320,3254
3478,3296,3557
3479,3558,3557
3480,3256,3558
3481,3283,3558
3482,3557,3260
3483,3260,3257
3484,3265,3272
3485,3272,3266
3486,3267,3239
3487,3245,3267
3488,3243,3245
3489,3006,2930
3490,2930,3559
3491,3559,2932
3492,2932,2871
3493,2871,2819
3494,2819,2807
3495,2763,3559
3496,3560,2931
3497,2807,2780
3498,2780,2732
3499,2732,2708
3500,2708,2969
3501,2624,2969
3502,2627,2624
3503,2768,2839
3504,2839,2588
3505,3561,2794
3506,2794,2752
3507,2548,2549
3508,3562,2611
3509,2533,2525
3510,2525,2438
3511,2437,2533
3512,1630,2305
3513,1632,1633
3514,195,3563
3515,3563,3564
3516,72,3564
3517,70,71
3518,3564,1152
3519,1152,3565
3520,3565,984
3521,1234,3565
3522,3566,1220
3523,984,1276
3524,1276,1338
3525,1338,1328
3526,1328,1367
3527,1367,1436
3528,1436,1418
3529,1418,1506
3530,1506,1428
3531,1428,1486
3532,1486,1474
3533,1474,1527
3534,1527,196
3535,197,1569
3536,3567,1631
3537,2305,3567
3538,63,64
3539,106,30
3540,3444,3433
