"fromedge","toedge"
1,2
2,3
3,4
4,5
5,6
6,7
7,8
8,9
9,10
10,11
11,12
12,13
13,14
14,15
15,16
16,17
17,18
18,19
19,20
20,21
21,22
22,23
23,24
24,25
25,26
26,27
27,28
28,29
29,100
30,31
31,32
32,33
33,34
34,35
35,36
36,37
37,38
38,39
39,40
40,41
41,42
42,43
43,44
44,45
45,46
46,47
47,48
48,49
49,50
50,51
51,52
52,53
53,54
54,55
55,3462
56,57
57,58
58,59
59,60
60,3538
61,62
62,63
63,64
64,65
65,66
66,3517
67,3516
69,70
70,71
71,6
72,73
73,74
74,75
75,76
76,77
77,78
78,79
79,80
80,81
81,24
82,83
83,84
84,85
85,86
86,87
87,88
88,89
89,90
90,91
91,92
92,93
93,94
94,95
95,96
96,97
97,98
98,99
99,3539
100,101
101,30
102,103
103,104
104,105
105,84
106,70
107,2
108,73
109,103
110,3
111,76
112,4
113,71
114,75
115,104
116,117
117,118
118,119
119,120
120,121
121,122
122,123
123,124
124,125
125,126
126,127
127,128
128,129
129,130
130,131
131,132
132,133
133,134
134,135
135,136
136,137
137,138
138,139
139,140
140,141
141,142
142,143
143,144
144,145
145,146
146,147
147,148
148,149
149,150
150,151
151,152
152,153
153,154
154,155
155,156
156,157
157,158
158,159
159,160
160,161
161,162
162,163
163,164
164,165
165,166
166,167
167,168
168,169
169,170
170,171
171,172
172,173
173,174
174,175
175,176
176,177
177,178
178,179
179,180
180,181
181,182
182,183
183,184
184,185
185,186
186,187
187,188
188,3514
189,3535
190,5
191,105
192,7
193,194
194,195
195,119
196,8
197,198
198,83
199,117
200,78
201,11
202,203
203,194
204,205
205,206
206,207
207,18
208,74
209,210
210,211
211,9
212,85
213,87
214,210
215,77
216,10
217,205
218,88
219,220
220,221
221,198
222,118
223,224
224,211
225,89
226,86
227,224
228,229
229,230
230,94
231,207
232,203
233,229
234,230
235,221
236,120
237,14
238,12
239,240
240,220
241,90
242,195
243,79
244,80
245,246
246,247
247,13
248,206
249,250
250,240
251,252
252,253
253,254
254,255
255,95
256,92
257,123
258,250
259,260
260,121
261,91
262,254
263,15
264,17
265,260
266,252
267,124
268,16
269,247
270,81
271,272
272,96
273,122
274,275
275,276
276,277
277,278
278,253
279,20
280,93
281,246
282,283
283,126
284,278
285,125
286,287
287,288
288,289
289,290
290,19
291,272
292,275
293,290
294,288
295,296
296,97
297,283
298,21
299,255
300,287
301,276
302,303
303,289
304,22
305,127
306,307
307,129
308,309
309,310
310,277
311,296
312,309
313,314
314,315
315,303
316,317
317,318
318,319
319,130
320,128
321,310
322,307
323,319
324,325
325,3464
326,99
327,325
328,314
329,23
330,131
331,332
332,3464
333,334
334,335
335,336
336,332
337,334
338,315
339,317
340,318
341,342
342,343
343,344
344,345
345,346
346,347
347,348
348,34
349,350
350,351
351,352
352,343
353,25
354,132
355,350
356,336
357,26
358,3463
359,360
360,335
361,342
362,27
363,351
364,365
365,133
366,28
367,368
368,352
369,370
370,360
371,372
372,373
373,374
374,375
375,376
376,3463
377,378
378,379
379,32
380,376
381,134
382,368
383,31
384,370
385,386
386,365
387,386
388,389
389,345
390,344
391,373
392,375
393,389
394,138
395,377
396,135
397,346
398,399
399,400
400,401
401,33
402,101
403,136
404,399
405,406
406,407
407,347
408,409
409,378
410,411
411,400
412,413
413,372
414,415
415,416
416,142
417,137
418,406
419,139
420,421
421,374
422,411
423,407
424,413
425,141
426,415
427,428
428,348
429,430
430,428
431,416
432,401
433,140
434,435
435,430
436,379
437,438
438,439
439,440
440,441
441,442
442,443
443,40
444,146
445,446
446,447
447,37
448,449
449,450
450,35
451,452
452,143
453,421
454,145
455,456
456,457
457,151
458,459
459,446
460,461
461,462
462,463
463,464
464,465
465,466
466,152
467,452
468,461
469,463
470,36
471,472
472,473
473,474
474,475
475,476
476,477
477,435
478,462
479,477
480,144
481,475
482,38
483,484
484,485
485,486
486,442
487,484
488,489
489,450
490,149
491,485
492,493
493,459
494,438
495,489
496,147
497,439
498,499
499,447
500,501
501,456
502,476
503,504
504,472
505,457
506,148
507,486
508,464
509,510
510,493
511,440
512,513
513,499
514,515
515,501
516,515
517,518
518,519
519,153
520,510
521,150
522,523
523,443
524,513
525,39
526,527
527,528
528,473
529,518
530,504
531,532
532,474
533,534
534,535
535,465
536,441
537,534
538,532
539,540
540,528
541,542
542,543
543,544
544,545
545,546
546,42
547,466
548,549
549,519
550,551
551,552
552,553
553,554
554,555
555,556
556,545
557,558
558,559
559,527
560,561
561,549
562,540
563,564
564,565
565,566
566,45
567,523
568,569
569,570
570,558
571,546
572,41
573,574
574,154
575,43
576,577
577,535
578,561
579,564
580,581
581,577
582,583
583,157
584,565
585,556
586,44
587,574
588,589
589,559
590,569
591,581
592,593
593,594
594,595
595,596
596,597
597,598
598,599
599,600
600,601
601,602
602,603
603,604
604,605
605,606
606,607
607,608
608,55
609,566
610,156
611,570
612,551
613,614
614,615
615,616
616,617
617,47
618,555
619,620
620,583
621,622
622,616
623,155
624,552
625,614
626,620
627,615
628,46
629,589
630,158
631,553
632,633
633,634
634,635
635,51
636,637
637,593
638,163
639,640
640,641
641,642
642,643
643,160
644,634
645,159
646,642
647,637
648,617
649,595
650,554
651,640
652,633
653,641
654,655
655,164
656,657
657,48
658,635
659,657
660,594
661,162
662,663
663,664
664,168
665,49
666,667
667,668
668,598
669,655
670,643
671,597
672,673
673,604
674,675
675,676
676,677
677,667
678,679
679,680
680,607
681,596
682,683
683,52
684,685
685,675
686,687
687,688
688,689
689,161
690,673
691,689
692,682
693,677
694,676
695,696
696,697
697,698
698,699
699,700
700,701
701,702
702,703
703,704
704,705
705,706
706,707
707,708
708,709
709,710
710,711
711,712
712,713
713,714
714,715
715,716
716,717
717,718
718,719
719,720
720,721
721,722
722,723
723,724
724,725
725,726
726,727
727,728
728,729
729,730
730,731
731,732
732,733
733,734
734,735
735,736
736,737
737,738
738,739
739,740
740,741
741,742
742,743
743,744
744,745
745,746
746,747
747,748
748,749
749,750
750,751
751,752
752,753
753,754
754,755
755,756
756,757
757,758
758,759
759,760
760,3514
761,53
762,165
763,687
764,600
765,167
766,696
767,697
768,664
769,668
770,680
771,772
772,663
773,599
774,775
775,776
776,688
777,778
778,779
779,780
780,781
781,782
782,173
783,772
784,775
785,786
786,787
787,685
788,166
789,605
790,791
791,792
792,793
793,794
794,795
795,796
796,797
797,698
798,602
799,800
800,54
801,601
802,786
803,804
804,797
805,606
806,776
807,793
808,809
809,810
810,787
811,791
812,810
813,814
814,169
815,816
816,817
817,818
818,819
819,820
820,821
821,822
822,823
823,56
824,825
825,59
826,792
827,804
828,829
829,608
830,603
831,832
832,833
833,834
834,835
835,836
836,837
837,838
838,839
839,840
840,841
841,842
842,843
843,844
844,845
845,846
846,847
847,848
848,181
849,170
850,796
851,852
852,816
853,854
854,855
855,856
856,857
857,835
858,3462
859,794
860,833
861,856
862,829
863,823
864,865
865,834
866,779
867,817
868,832
869,778
870,821
871,814
872,873
873,874
874,809
875,858
876,874
877,854
878,879
879,780
880,881
881,882
882,57
883,171
884,879
885,819
886,887
887,888
888,889
889,855
890,782
891,824
892,172
893,888
894,895
895,820
896,701
897,898
898,699
899,865
900,58
901,174
902,898
903,852
904,905
905,895
906,873
907,908
908,909
909,910
910,911
911,912
912,913
913,914
914,915
915,708
916,917
917,818
918,702
919,920
920,781
921,795
922,908
923,924
924,822
925,889
926,927
927,910
928,700
929,930
930,917
931,932
932,905
933,825
934,930
935,936
936,937
937,61
938,939
939,940
940,911
941,175
942,943
943,836
944,909
945,946
946,947
947,704
948,920
949,950
950,951
951,952
952,857
953,176
954,177
955,950
956,887
957,936
958,959
959,960
960,961
961,962
962,963
963,964
964,965
965,966
966,967
967,968
968,969
969,970
970,971
971,972
972,973
973,3523
974,975
975,705
976,977
977,932
978,924
979,927
980,703
981,943
982,940
983,939
984,985
985,986
986,987
987,988
988,989
989,990
990,991
991,992
992,993
993,994
994,995
995,996
996,997
997,998
998,999
999,1000
1000,731
1001,3538
1002,959
1003,1004
1004,961
1005,946
1006,975
1007,1008
1008,184
1009,977
1010,1011
1011,1012
1012,1013
1013,1014
1014,1015
1015,1016
1016,1017
1017,1018
1018,1019
1019,1020
1020,1021
1021,719
1022,1023
1023,1012
1024,1025
1025,62
1026,951
1027,1028
1028,1011
1029,1004
1030,178
1031,1032
1032,1033
1033,1034
1034,1035
1035,968
1036,947
1037,837
1038,962
1039,1040
1040,1041
1041,915
1042,1032
1043,960
1044,63
1045,1008
1046,937
1047,1025
1048,985
1049,1050
1050,1051
1051,1052
1052,1053
1053,1054
1054,1055
1055,1056
1056,1057
1057,963
1058,67
1059,912
1060,1028
1061,179
1062,1040
1063,706
1064,180
1065,1023
1066,1067
1067,1068
1068,1056
1069,1070
1070,952
1071,1050
1072,1073
1073,1074
1074,1075
1075,1076
1076,1077
1077,1078
1078,1079
1079,1041
1080,65
1081,1033
1082,838
1083,1084
1084,839
1085,845
1086,182
1087,1088
1088,3516
1089,1084
1090,1073
1091,913
1092,986
1093,914
1094,1095
1095,707
1096,1097
1097,1070
1098,1074
1099,964
1100,66
1101,1034
1102,1103
1103,1077
1104,987
1105,3517
1106,1107
1107,990
1108,841
1109,1110
1110,1014
1111,1067
1112,1113
1113,1114
1114,1115
1115,1075
1116,1088
1117,1068
1118,187
1119,1103
1120,1013
1121,186
1122,1097
1123,840
1124,1035
1125,1054
1126,966
1127,1128
1128,1095
1129,1110
1130,1107
1131,988
1132,1133
1133,1051
1134,965
1135,1128
1136,1079
1137,846
1138,185
1139,973
1140,3519
1141,844
1142,183
1143,188
1144,1145
1145,842
1146,969
1147,1133
1148,1149
1149,1150
1150,1151
1151,1152
1152,1153
1153,747
1154,1145
1155,989
1156,1157
1157,1153
1158,1159
1159,1160
1160,1016
1161,1162
1162,1163
1163,1164
1164,710
1165,1114
1166,1159
1167,1168
1168,1015
1169,1170
1170,1162
1171,847
1172,848
1173,1174
1174,709
1175,970
1176,1053
1177,1178
1178,1076
1179,843
1180,1181
1181,1182
1182,1052
1183,1170
1184,1168
1185,1149
1186,1174
1187,1188
1188,994
1189,1057
1190,1160
1191,991
1192,758
1193,1194
1194,1181
1195,1150
1196,1163
1197,1198
1198,1164
1199,1115
1200,1201
1201,752
1202,1113
1203,1204
1204,967
1205,1178
1206,754
1207,1221
1208,757
1209,1210
1210,1211
1211,1212
1212,1194
1213,1201
1214,1212
1215,1216
1216,1217
1217,749
1218,1198
1219,992
1220,1216
1221,3521
1222,1223
1223,971
1224,1225
1225,1188
1226,1227
1227,1228
1228,1055
1229,1017
1230,1231
1231,1232
1232,1018
1233,1019
1234,1157
1235,1204
1236,1237
1237,1238
1238,1239
1239,1240
1240,1316
1241,1151
1242,1225
1243,1217
1244,1210
1245,1182
1246,711
1247,760
1248,1249
1249,3521
1250,972
1251,1231
1252,1227
1253,1254
1254,1223
1255,1152
1256,712
1257,1211
1258,993
1259,1237
1260,755
1261,3524
1262,1263
1263,1264
1264,1078
1265,1263
1266,1232
1267,1228
1268,1249
1269,1270
1270,996
1271,1254
1272,759
1273,751
1274,1240
1275,750
1276,1277
1277,1278
1278,1279
1279,1280
1280,1281
1281,3535
1282,1239
1283,1284
1284,1285
1285,995
1286,1277
1287,1288
1288,1289
1289,1290
1290,1291
1291,1292
1292,1293
1293,1294
1294,1295
1295,1296
1296,1297
1297,1298
1298,1299
1299,1281
1300,1270
1301,714
1302,746
1303,756
1304,1305
1305,1306
1306,1238
1307,748
1308,1264
1309,1310
1310,1311
1311,1292
1312,3526
1313,1284
1314,716
1315,745
1316,1317
1317,715
1318,1310
1319,1320
1320,1321
1321,1322
1322,3525
1323,1324
1324,1325
1325,1326
1326,1316
1327,1305
1328,1329
1329,1278
1330,744
1331,1332
1332,1320
1333,1334
1334,997
1335,717
1336,1337
1337,1338
1338,1339
1339,1340
1340,1341
1341,1342
1342,1306
1343,1342
1344,1345
1345,1346
1346,1020
1347,1285
1348,1345
1349,742
1350,3527
1351,1329
1352,1290
1353,1311
1354,1355
1355,753
1356,1346
1357,1358
1358,1288
1359,1334
1360,1324
1361,1279
1362,1326
1363,1364
1364,743
1365,1366
1366,1367
1367,1368
1368,1369
1369,1370
1370,1371
1371,1325
1372,1373
1373,728
1374,1021
1375,740
1376,1377
1377,1378
1378,1332
1379,1378
1380,1337
1381,741
1382,1383
1383,1366
1384,1298
1385,1373
1386,1387
1387,718
1388,1291
1389,998
1390,1387
1391,1341
1392,1317
1393,999
1394,1395
1395,1358
1396,1397
1397,1355
1398,1297
1399,1338
1400,3529
1401,1340
1402,1403
1403,1339
1404,1371
1405,1406
1406,1407
1407,730
1408,1397
1409,3531
1410,1411
1411,1383
1412,726
1413,1280
1414,1403
1415,1407
1416,3528
1417,1418
1418,1321
1419,1406
1420,1364
1421,1377
1422,1294
1423,722
1424,1425
1425,720
1426,1427
1427,1428
1428,1418
1429,1395
1430,1370
1431,1432
1432,1427
1433,1289
1434,1411
1435,1299
1436,1437
1437,1438
1438,1425
1439,1440
1440,3461
1441,1428
1442,1368
1443,1444
1444,1440
1445,727
1446,1000
1447,1322
1448,1438
1449,738
1450,1451
1451,1432
1452,3533
1453,1369
1454,1455
1455,1456
1456,1437
1457,1458
1458,1459
1459,1460
1460,1367
1461,736
1462,1458
1463,3532
1464,1465
1465,1466
1466,734
1467,724
1468,1296
1469,1470
1470,1465
1471,735
1472,1473
1473,3461
1474,1293
1475,1476
1476,1295
1477,1478
1478,1444
1479,1473
1480,1481
1481,1456
1482,3530
1483,1478
1484,1451
1485,1470
1486,1487
1487,1476
1488,725
1489,729
1490,1491
1491,1487
1492,1493
1493,1494
1494,1495
1495,1496
1496,1466
1497,732
1498,1499
1499,1491
1500,1501
1501,1502
1502,3534
1503,1504
1504,1459
1505,1506
1506,1507
1507,1508
1508,1509
1509,1510
1510,1511
1511,1512
1512,1513
1513,1514
1514,1515
1515,1516
1516,1501
1517,1518
1518,1499
1519,1520
1520,1521
1521,1522
1522,1515
1523,1524
1524,1525
1525,1526
1526,721
1527,1528
1528,1529
1529,723
1530,1529
1531,1521
1532,1518
1533,1534
1534,1535
1535,1536
1536,1537
1537,733
1538,1539
1539,1526
1540,1528
1541,1520
1542,1502
1543,1504
1544,68
1545,1546
1546,1481
1547,1522
1548,1546
1549,1516
1550,1535
1551,1552
1552,1524
1553,1506
1554,1555
1555,1534
1556,1557
1557,1525
1558,1559
1559,189
1560,1561
1561,1539
1562,1563
1563,1555
1564,1565
1565,1566
1566,1567
1567,1568
1568,1569
1569,1570
1570,1571
1571,1572
1572,1573
1573,1574
1574,1575
1575,1576
1576,1577
1577,1578
1578,1579
1579,1580
1580,1581
1581,1582
1582,1583
1583,1584
1584,1585
1585,1586
1586,1587
1587,1588
1588,1589
1589,1590
1590,1591
1591,1592
1592,1593
1593,1594
1594,1595
1595,1596
1596,1597
1597,1598
1598,1599
1599,1600
1600,1601
1601,1602
1602,1603
1603,1604
1604,3512
1605,3513
1606,1607
1607,1608
1608,3340
1609,1610
1610,3338
1611,1612
1612,1613
1613,1614
1614,1615
1615,1616
1616,1617
1617,1618
1618,1619
1619,3438
1620,1621
1621,1622
1622,1623
1623,3453
1624,1625
1625,1626
1626,1627
1627,1628
1628,1629
1629,1630
1630,1631
1631,1537
1632,1633
1633,1559
1634,1563
1635,1513
1636,1507
1637,1460
1638,1493
1639,1565
1640,1630
1641,1642
1642,1643
1643,1557
1644,1496
1645,1642
1646,1647
1647,1648
1648,1561
1649,1650
1650,1651
1651,1652
1652,1653
1653,1654
1654,1655
1655,1656
1656,1536
1657,1495
1658,1508
1659,1509
1660,1661
1661,1648
1662,1629
1663,1552
1664,1665
1665,1666
1666,1494
1667,1514
1668,1656
1669,1670
1670,1650
1671,1670
1672,1633
1673,1566
1674,1675
1675,1626
1676,1655
1677,1665
1678,1679
1679,3453
1680,1567
1681,1455
1682,1683
1683,1684
1684,1568
1685,1651
1686,1643
1687,1683
1688,1689
1689,1661
1690,1512
1691,1692
1692,1693
1693,1694
1694,1695
1695,1679
1696,1692
1697,1666
1698,1684
1699,1700
1700,1701
1701,1702
1702,1703
1703,1704
1704,1705
1705,1569
1706,1628
1707,1647
1708,1709
1709,1654
1710,1711
1711,1712
1712,1571
1713,1694
1714,1675
1715,1652
1716,1711
1717,1718
1718,1719
1719,1689
1720,1721
1721,1722
1722,1511
1723,1724
1724,1653
1725,1724
1726,1727
1727,1719
1728,1729
1729,1722
1730,1731
1731,1732
1732,1718
1733,1734
1734,1510
1735,1693
1736,1731
1737,1727
1738,1721
1739,1740
1740,1741
1741,1742
1742,1743
1743,1744
1744,1745
1745,1746
1746,1747
1747,1748
1748,1749
1749,1750
1750,1751
1751,1752
1752,1753
1753,1754
1754,1755
1755,1756
1756,1757
1757,1758
1758,1759
1759,1760
1760,1761
1761,1762
1762,1763
1763,1764
1764,1765
1765,1766
1766,1767
1767,1768
1768,1769
1769,1585
1770,1771
1771,1700
1772,1771
1773,1703
1774,1631
1775,1747
1776,1740
1777,1778
1778,1779
1779,1621
1780,1778
1781,1702
1782,1741
1783,1784
1784,1785
1785,1732
1786,1787
1787,1709
1788,1625
1789,1784
1790,1791
1791,1742
1792,1712
1793,1794
1794,1795
1795,1627
1796,1779
1797,1734
1798,1799
1799,1800
1800,1801
1801,1802
1802,1803
1803,1804
1804,1805
1805,1806
1806,1807
1807,1808
1808,1809
1809,1810
1810,1811
1811,1600
1812,1695
1813,1787
1814,1705
1815,1743
1816,1570
1817,1818
1818,1795
1819,1573
1820,1821
1821,1822
1822,1729
1823,1824
1824,1825
1825,1826
1826,1827
1827,1828
1828,1829
1829,1830
1830,1831
1831,1746
1832,1791
1833,1834
1834,1818
1835,1836
1836,1821
1837,1838
1838,1839
1839,1840
1840,1841
1841,1842
1842,1785
1843,1836
1844,1822
1845,1799
1846,1847
1847,1848
1848,1849
1849,1850
1850,1851
1851,1852
1852,1853
1853,3455
1854,1855
1855,1794
1856,1857
1857,1701
1858,1574
1859,1825
1860,1861
1861,1862
1862,3417
1863,3438
1864,1863
1865,1866
1866,1867
1867,1868
1868,1869
1869,1870
1870,1871
1871,1872
1872,1873
1873,1769
1874,1875
1875,1861
1876,1857
1877,1572
1878,1788
1879,1842
1880,1824
1881,1838
1882,1883
1883,1834
1884,1847
1885,1744
1886,1887
1887,1888
1888,1875
1889,1890
1890,1891
1891,1892
1892,1893
1893,1804
1894,1575
1895,1839
1896,1854
1897,1898
1898,1899
1899,1900
1900,1901
1901,1902
1902,1903
1903,1904
1904,1905
1905,1906
1906,1908
1907,1908
1908,3457
1909,1910
1910,1911
1911,1749
1912,1883
1913,1848
1914,1745
1915,1841
1916,1917
1917,1704
1918,1800
1919,1826
1920,1921
1921,1827
1922,1890
1923,1576
1924,1855
1925,1849
1926,1927
1927,1887
1928,1929
1929,1801
1930,1888
1931,1911
1932,1577
1933,1934
1934,1828
1935,1892
1936,1910
1937,1938
1938,1939
1939,1927
1940,1579
1941,1829
1942,1853
1943,1934
1944,1580
1945,1946
1946,1751
1947,1917
1948,1921
1949,1578
1950,1951
1951,1952
1952,1583
1953,1929
1954,1840
1955,1891
1956,1957
1957,1938
1958,1850
1959,1960
1960,1946
1961,1951
1962,3388
1963,1964
1964,1965
1965,1966
1966,1967
1967,1968
1968,1969
1969,1905
1970,1831
1971,1952
1972,1957
1973,3372
1974,3388
1975,1939
1976,1977
1977,1966
1978,1979
1979,1980
1980,1830
1981,1979
1982,1983
1983,1984
1984,1802
1985,1866
1986,1851
1987,1988
1988,1960
1989,1581
1990,1964
1991,1980
1992,1984
1993,1994
1994,1965
1995,1988
1996,1582
1997,1998
1998,1983
1999,2000
2000,2001
2001,1588
2002,1994
2003,2004
2004,3372
2005,2006
2006,1871
2007,2008
2008,1587
2009,2000
2010,1584
2011,2012
2012,2013
2013,2001
2014,1748
2015,1752
2016,1968
2017,1893
2018,2006
2019,1867
2020,1870
2021,1898
2022,2004
2023,1998
2024,1756
2025,1803
2026,2027
2027,1897
2028,1868
2029,2016
2030,2013
2031,1754
2032,2033
2033,2034
2034,1750
2035,1618
2036,2037
2037,2038
2038,3361
2039,1805
2040,1869
2041,1753
2042,2043
2043,2044
2044,1977
2045,2043
2046,1906
2047,1872
2048,1808
2049,1758
2050,2037
2051,1969
2052,2008
2053,1806
2054,2027
2055,1760
2056,2033
2057,1810
2058,2012
2059,1807
2060,2044
2061,1901
2062,2063
2063,2064
2064,2034
2065,1755
2066,2064
2067,1899
2068,1761
2069,2038
2070,2071
2071,2072
2072,2073
2073,1601
2074,1768
2075,1762
2076,1900
2077,1589
2078,2071
2079,1809
2080,1873
2081,3361
2082,2083
2083,2084
2084,2073
2085,1759
2086,1902
2087,2088
2088,1904
2089,2090
2090,1594
2091,2083
2092,2063
2093,2090
2094,1763
2095,2096
2096,1757
2097,1597
2098,2088
2099,2100
2100,2096
2101,1590
2102,1764
2103,2100
2104,1766
2105,2106
2106,3513
2107,2108
2108,3512
2109,2110
2110,1591
2111,2072
2112,1592
2113,2084
2114,1593
2115,2116
2116,1586
2117,1596
2118,2119
2119,2120
2120,1616
2121,2122
2122,1765
2123,2124
2124,2125
2125,2122
2126,2108
2127,2128
2128,2129
2129,3346
2130,1811
2131,2125
2132,1602
2133,2124
2134,2135
2135,2116
2136,2137
2137,1595
2138,1611
2139,2140
2140,1767
2141,2142
2142,2128
2143,1603
2144,2106
2145,2146
2146,2140
2147,2148
2148,2137
2149,1598
2150,2148
2151,2152
2152,2119
2153,2154
2154,2155
2155,2135
2156,2142
2157,1604
2158,2159
2159,2160
2160,2146
2161,1607
2162,2163
2163,2164
2164,2165
2165,2166
2166,2167
2167,2168
2168,2160
2169,2129
2170,2168
2171,2172
2172,2173
2173,2155
2174,2175
2175,3345
2176,2164
2177,2159
2178,2179
2179,2180
2180,2181
2181,1599
2182,3340
2183,2163
2184,2180
2185,2172
2186,2187
2187,2110
2188,2187
2189,2179
2190,3345
2191,2192
2192,2181
2193,2167
2194,2173
2195,2196
2196,2197
2197,2198
2198,2154
2199,2200
2200,2201
2201,2202
2202,2203
2203,2204
2204,2205
2205,2152
2206,2175
2207,1605
2208,2209
2209,2210
2210,2211
2211,2206
2212,2213
2213,2165
2214,2198
2215,2197
2216,2217
2217,2218
2218,2219
2219,2220
2220,2221
2221,2192
2222,2209
2223,2224
2224,2225
2225,2226
2226,2227
2227,2228
2228,2229
2229,2230
2230,2231
2231,2232
2232,2233
2233,2234
2234,2235
2235,2236
2236,2237
2237,2238
2238,2239
2239,2240
2240,2241
2241,2242
2242,2243
2243,2244
2244,2245
2245,2246
2246,2247
2247,2248
2248,2249
2249,2250
2250,2251
2251,2252
2252,2253
2253,2254
2254,2255
2255,2256
2256,2202
2257,2218
2258,2259
2259,2260
2260,2166
2261,2262
2262,2221
2263,2264
2264,3537
2265,2220
2266,2203
2267,2200
2268,2264
2269,2213
2270,2217
2271,1608
2272,2273
2273,2259
2274,2211
2275,2276
2276,2260
2277,2278
2278,2204
2279,2280
2280,2278
2281,2282
2282,2196
2283,2280
2284,2224
2285,3287
2286,2201
2287,2288
2288,2289
2289,2262
2290,2291
2291,2226
2292,2210
2293,2282
2294,2286
2295,2205
2296,2297
2297,2298
2298,2299
2299,2276
2300,2301
2301,2302
2302,2303
2303,2199
2304,2305
2305,2306
2306,2307
2307,2219
2308,2297
2309,2310
2310,2303
2311,2306
2312,2289
2313,2291
2314,2315
2315,2299
2316,2317
2317,2318
2318,2319
2319,2256
2320,2315
2321,2307
2322,2310
2323,2324
2324,2288
2325,2305
2326,2317
2327,3283
2328,2329
2329,2330
2330,2318
2331,2332
2332,2298
2333,2334
2334,2335
2335,2336
2336,2332
2337,2338
2338,2339
2339,2324
2340,2255
2341,2225
2342,2228
2343,2344
2344,2345
2345,2231
2346,2339
2347,2329
2348,2344
2349,2229
2350,2351
2351,2293
2352,2338
2353,2230
2354,2335
2355,2336
2356,2227
2357,2358
2358,2359
2359,2360
2360,2330
2361,2362
2362,2232
2363,2362
2364,2365
2365,2366
2366,2301
2367,2345
2368,2366
2369,2370
2370,2253
2371,2334
2372,2358
2373,2374
2374,2365
2375,2376
2376,2377
2377,2378
2378,2379
2379,2380
2380,2381
2381,2382
2382,2383
2383,2384
2384,2385
2385,2386
2386,2236
2387,2374
2388,2389
2389,2370
2390,2302
2391,2392
2392,2393
2393,3511
2394,2395
2395,2396
2396,2359
2397,2351
2398,2399
2399,2241
2400,2401
2401,2395
2402,2396
2403,2404
2404,2405
2405,2406
2406,2407
2407,2408
2408,2409
2409,2410
2410,2411
2411,2412
2412,2413
2413,2414
2414,2415
2415,2416
2416,2417
2417,2418
2418,2419
2419,2420
2420,2421
2421,2422
2422,2423
2423,2424
2424,2425
2425,2426
2426,3277
2427,2428
2428,2429
2429,2430
2430,2246
2431,2360
2432,2233
2433,2376
2434,2435
2435,2235
2436,2399
2437,2254
2438,2439
2439,2440
2440,2239
2441,2240
2442,2377
2443,2444
2444,2445
2445,2446
2446,2406
2447,2392
2448,2234
2449,2401
2450,2378
2451,2243
2452,2435
2453,2380
2454,2455
2455,2440
2456,2457
2457,2404
2458,2455
2459,2379
2460,2457
2461,2462
2462,2251
2463,2242
2464,2462
2465,2466
2466,2444
2467,2468
2468,2393
2469,2470
2470,2252
2471,2439
2472,2386
2473,2381
2474,2405
2475,2476
2476,2466
2477,2244
2478,2479
2479,3510
2480,2389
2481,2476
2482,2470
2483,3511
2484,2383
2485,2486
2486,3509
2487,2385
2488,2489
2489,2249
2490,2237
2491,2479
2492,2407
2493,2494
2494,2428
2495,2489
2496,2382
2497,2238
2498,2494
2499,2500
2500,3507
2501,2502
2502,2486
2503,2504
2504,2505
2505,2506
2506,2507
2507,2508
2508,2509
2509,2510
2510,2511
2511,2512
2512,2513
2513,2514
2514,2515
2515,2516
2516,2517
2517,2518
2518,2519
2519,2520
2520,2521
2521,2522
2522,2523
2523,2524
2524,2525
2525,2526
2526,2527
2527,2416
2528,2446
2529,2445
2530,2245
2531,2468
2532,2250
2533,2502
2534,2535
2535,2426
2536,2384
2537,2408
2538,2535
2539,2421
2540,2541
2541,2542
2542,2543
2543,2544
2544,2425
2545,2504
2546,2410
2547,2429
2548,2549
2549,2505
2550,2413
2551,2411
2552,2409
2553,2414
2554,2419
2555,2248
2556,2557
2557,2558
2558,2559
2559,2549
2560,2507
2561,2415
2562,2569
2563,2500
2564,2430
2565,2559
2566,2412
2567,2417
2568,2518
2569,3507
2570,2510
2571,2572
2572,2557
2573,2572
2574,2427
2575,3501
2576,2577
2577,3502
2578,2523
2579,2580
2580,2581
2581,2577
2582,2580
2583,2584
2584,2585
2585,2586
2586,2587
2587,2588
2588,2589
2589,2590
2590,2591
2591,2592
2592,2593
2593,2594
2594,2595
2595,2596
2596,2597
2597,2598
2598,2508
2599,2511
2600,2423
2601,2602
2602,2558
2603,2509
2604,2506
2605,2602
2606,2514
2607,2512
2608,2517
2609,2424
2610,2584
2611,2520
2612,2420
2613,2525
2614,2527
2615,2616
2616,2617
2617,2418
2618,2513
2619,2591
2620,2617
2621,2616
2622,2521
2623,2543
2624,2625
2625,2581
2626,2587
2627,2515
2628,2588
2629,2630
2630,2631
2631,2632
2632,2544
2633,2625
2634,2592
2635,2636
2636,2585
2637,2638
2638,2422
2639,2540
2640,2541
2641,2642
2642,2516
2643,2644
2644,2631
2645,2590
2646,2647
2647,2630
2648,2649
2649,2519
2650,2593
2651,2652
2652,2598
2653,2526
2654,2655
2655,2656
2656,3502
2657,3500
2658,2522
2659,2652
2660,2595
2661,2596
2662,2597
2663,2636
2664,2632
2665,2655
2666,2667
2667,2668
2668,2638
2669,2670
2670,2671
2671,2672
2672,2673
2673,2642
2674,2675
2675,2676
2676,2677
2677,2667
2678,2677
2679,2673
2680,3499
2681,2542
2682,2586
2683,2656
2684,2685
2685,2686
2686,2594
2687,2688
2688,2644
2689,2690
2690,2647
2691,2692
2692,2693
2693,2694
2694,2670
2695,2696
2696,2589
2697,2692
2698,2699
2699,2524
2700,2701
2701,2688
2702,2686
2703,2676
2704,2705
2705,2706
2706,2707
2707,2708
2708,2709
2709,2710
2710,3495
2711,2712
2712,2713
2713,2714
2714,3503
2715,2696
2716,2714
2717,2718
2718,2690
2719,2720
2720,2721
2721,2722
2722,2693
2723,2724
2724,2718
2725,3498
2726,2707
2727,2728
2728,2729
2729,2730
2730,2685
2731,2712
2732,2722
2733,2734
2734,2675
2735,2705
2736,2737
2737,2730
2738,3506
2739,2649
2740,2694
2741,2671
2742,2706
2743,2744
2744,2699
2745,2668
2746,2700
2747,2748
2748,2734
2749,2721
2750,3497
2751,2752
2752,2708
2753,2748
2754,2729
2755,2744
2756,2757
2757,2713
2758,2720
2759,2760
2760,2724
2761,3494
2762,2763
2763,2728
2764,2765
2765,2766
2766,2767
2767,2768
2768,2769
2769,2770
2770,2760
2771,2772
2772,2737
2773,2752
2774,2709
2775,2763
2776,2777
2777,2778
2778,2779
2779,2780
2780,3504
2781,2769
2782,2772
2783,2784
2784,2672
2785,2786
2786,2787
2787,2788
2788,2789
2789,2784
2790,2768
2791,2765
2792,2793
2793,2786
2794,2757
2795,2796
2796,2797
2797,2798
2798,2799
2799,2800
2800,2801
2801,2802
2802,2803
2803,2804
2804,2767
2805,2779
2806,2797
2807,2796
2808,2802
2809,2810
2810,2811
2811,3493
2812,2799
2813,2766
2814,2815
2815,2788
2816,2817
2817,2818
2818,2780
2819,2777
2820,2821
2821,2778
2822,2823
2823,2824
2824,2825
2825,2826
2826,2827
2827,3495
2828,2787
2829,2815
2830,2831
2831,2798
2832,2823
2833,2803
2834,2835
2835,2836
2836,2793
2837,2710
2838,2817
2839,2789
2840,2836
2841,2842
2842,2831
2843,2801
2844,2835
2845,2825
2846,2847
2847,2804
2848,2849
2849,2850
2850,2818
2851,2852
2852,2853
2853,2854
2854,2855
2855,2856
2856,2857
2857,2826
2858,2827
2859,2821
2860,2861
2861,2862
2862,2863
2863,2864
2864,2800
2865,2824
2866,2867
2867,2862
2868,2869
2869,3490
2870,3492
2871,2872
2872,2810
2873,2852
2874,2875
2875,2847
2876,2861
2877,2878
2878,2879
2879,2849
2880,2881
2881,2882
2882,2850
2883,2882
2884,2885
2885,2886
2886,2864
2887,2888
2888,2770
2889,2863
2890,2891
2891,2872
2892,2893
2893,2870
2894,2879
2895,2855
2896,2886
2897,2853
2898,2869
2899,2891
2900,2901
2901,2888
2902,2893
2903,2881
2904,2854
2905,2867
2906,2878
2907,3503
2908,2901
2909,2910
2910,2811
2911,2912
2912,2913
2913,2914
2914,2875
2915,2914
2916,2917
2917,2918
2918,2919
2919,2920
2920,2921
2921,2922
2922,2923
2923,2924
2924,2925
2925,2926
2926,2927
2927,2928
2928,2929
2929,2930
2930,2931
2931,2932
2932,2933
2933,2934
2934,2935
2935,2936
2936,2937
2937,2938
2938,2939
2939,2940
2940,2941
2941,2942
2942,2943
2943,3489
2944,2912
2945,2946
2946,2947
2947,2885
2948,2949
2949,2946
2950,2951
2951,2952
2952,2953
2953,2954
2954,2919
2955,3489
2956,2957
2957,2958
2958,2917
2959,2913
2960,2961
2961,2962
2962,2942
2963,2964
2964,2965
2965,2910
2966,2958
2967,2954
2968,2957
2969,2951
2970,2961
2971,2949
2972,2973
2973,2965
2974,2975
2975,2856
2976,2857
2977,2973
2978,2964
2979,2980
2980,2981
2981,2982
2982,2983
2983,2921
2984,2985
2985,2952
2986,2987
2987,2947
2988,2989
2989,2943
2990,2991
2991,2992
2992,2993
2993,2994
2994,2987
2995,2975
2996,2997
2997,2918
2998,2985
2999,2997
3000,2994
3001,3002
3002,2937
3003,2991
3004,2962
3005,3006
3006,2989
3007,3008
3008,3009
3009,3006
3010,2993
3011,3012
3012,2980
3013,2982
3014,2940
3015,2941
3016,2939
3017,3018
3018,2992
3019,3020
3020,3002
3021,3022
3022,3023
3023,3024
3024,3025
3025,3026
3026,3027
3027,3028
3028,3029
3029,3030
3030,3031
3031,3032
3032,3033
3033,3034
3034,3035
3035,3036
3036,3037
3037,3038
3038,3039
3039,3040
3040,2924
3041,3042
3042,2953
3043,3042
3044,3045
3045,3018
3046,2936
3047,3020
3048,2920
3049,3012
3050,3051
3051,3052
3052,3053
3053,3023
3054,3008
3055,3045
3056,3022
3057,2983
3058,2981
3059,3060
3060,3061
3061,2923
3062,3061
3063,3064
3064,2938
3065,3053
3066,3067
3067,3051
3068,2935
3069,3060
3070,3071
3071,3064
3072,3025
3073,3074
3074,3067
3075,3076
3076,2922
3077,3009
3078,3074
3079,3026
3080,3076
3081,3082
3082,2931
3083,3084
3084,3024
3085,3082
3086,3084
3087,2925
3088,3089
3089,3029
3090,3091
3091,3052
3092,2933
3093,3028
3094,3095
3095,3096
3096,3097
3097,2934
3098,3089
3099,3100
3100,3101
3101,3091
3102,2927
3103,2926
3104,2932
3105,3040
3106,3039
3107,3108
3108,3101
3109,2929
3110,3095
3111,3030
3112,3108
3113,3100
3114,3115
3115,3116
3116,3027
3117,3115
3118,3032
3119,3120
3120,3071
3121,3122
3122,2930
3123,3038
3124,3116
3125,3126
3126,3096
3127,3033
3128,3129
3129,3122
3130,3131
3131,3132
3132,3120
3133,3134
3134,2928
3135,3126
3136,3137
3137,3132
3138,3034
3139,3140
3140,3031
3141,3142
3142,3143
3143,3037
3144,3140
3145,3143
3146,3147
3147,3148
3148,3129
3149,3148
3150,3151
3151,3137
3152,3035
3153,3154
3154,3036
3155,3156
3156,3142
3157,3134
3158,3159
3159,3131
3160,3159
3161,3162
3162,3163
3163,3164
3164,3165
3165,3154
3166,3167
3167,3156
3168,3169
3169,3147
3170,3165
3171,3172
3172,3173
3173,3097
3174,3169
3175,3172
3176,3164
3177,3151
3178,3167
3179,3488
3180,3487
3181,3162
3182,3183
3183,3184
3184,3173
3185,3186
3186,3187
3187,3470
3188,3189
3189,3480
3190,3184
3191,3192
3192,3483
3193,3190
3194,3195
3195,3183
3196,3484
3197,3486
3198,3186
3199,3195
3200,3488
3201,3485
3202,3203
3203,3204
3204,3163
3205,3206
3206,3484
3207,3208
3208,3209
3209,3210
3210,3187
3211,3481
3212,3192
3213,3208
3214,3215
3215,3206
3216,3203
3217,3209
3218,3219
3219,3197
3220,3481
3221,3222
3222,3223
3223,3478
3224,3210
3225,3226
3226,3227
3227,3219
3228,3222
3229,3215
3230,3472
3231,3227
3232,3204
3233,3473
3234,3235
3235,3223
3236,3226
3237,3189
3238,3235
3239,3240
3240,3478
3241,3242
3242,3474
3243,3477
3244,3245
3245,3242
3246,3247
3247,3245
3248,3240
3249,3476
3250,3251
3251,3188
3252,3247
3253,3254
3254,3251
3255,3469
3256,3254
3257,3468
3258,3259
3259,3260
3260,3466
3261,3262
3262,3259
3263,3264
3264,3265
3265,3260
3266,3262
3267,3265
3268,3269
3269,3270
3270,3271
3271,3264
3272,3270
3273,3269
3274,3271
3275,2529
3276,2529
3277,2427
3278,3277
3279,2464
3280,2464
3281,2327
3282,2327
3283,2319
3284,3283
3285,3284
3286,3284
3287,2286
3288,3287
3289,2293
3290,3326
3291,3319
3292,3305
3293,3327
3294,3293
3295,3294
3296,3314
3297,3318
3298,3316
3299,3312
3300,3307
3301,3320
3302,3298
3303,3302
3304,3315
3305,3327
3306,3313
3307,3297
3308,3322
3309,3292
3310,3304
3311,3308
3312,3300
3313,3290
3314,3309
3315,3297
3316,3296
3317,3321
3318,3301
3319,3290
3320,3303
3321,3295
3322,3291
3323,3310
3324,3299
3325,3317
3326,3293
3327,1615
3328,3330
3329,3335
3330,3331
3331,1614
3332,3331
3333,3328
3334,3333
3335,3333
3336,3337
3337,1611
3338,2138
3339,2138
3340,1609
3341,3344
3342,3341
3343,3344
3344,1609
3345,3346
3346,3347
3347,3348
3348,3359
3349,3348
3350,3349
3351,3354
3352,3351
3353,3354
3354,3356
3355,3356
3356,3358
3357,3358
3358,3540
3359,3370
3360,3540
3361,3370
3362,3363
3363,3364
3364,3365
3365,3373
3366,3373
3367,3369
3368,3366
3369,3368
3370,3366
3371,3387
3372,3371
3373,3374
3374,3375
3375,3385
3376,3415
3377,3385
3378,3381
3379,3384
3380,3379
3381,3376
3382,3378
3383,3377
3384,3415
3385,3371
3386,3384
3387,3386
3388,3386
3389,3416
3390,3389
3391,3390
3392,3396
3393,3396
3394,3404
3395,3402
3396,3411
3397,3393
3398,3406
3399,3412
3400,3410
3401,3413
3402,3414
3403,3408
3404,3418
3405,3391
3406,3405
3407,3397
3408,3409
3409,3400
3410,3399
3411,3398
3412,3392
3413,3403
3414,3394
3415,3391
3416,1862
3417,1863
3418,3417
3419,3433
3420,3426
3421,3431
3422,3425
3423,3439
3424,3430
3425,3434
3426,3423
3427,3424
3428,3427
3429,3435
3430,3433
3431,3437
3432,3436
3433,3425
3434,3426
3435,3422
3436,3429
3437,3436
3438,1620
3439,1620
3440,3454
3441,3440
3442,3441
3443,3442
3444,3445
3445,3451
3446,3447
3447,3448
3448,3451
3449,3448
3450,3449
3451,3441
3452,3449
3453,1624
3454,1624
3455,1854
3456,3455
3457,1852
3458,3459
3459,1907
3460,1907
3461,739
3462,56
3463,3539
3464,98
3465,3471
3466,3467
3467,3468
3468,3471
3469,3467
3470,3465
3471,3477
3472,3475
3473,3474
3474,3475
3475,3476
3476,3465
3477,3188
3478,3482
3479,3482
3480,3479
3481,3479
3482,3483
3483,3190
3484,3485
3485,3197
3486,3176
3487,3486
3488,3487
3489,3490
3490,3491
3491,3492
3492,3493
3493,3494
3494,3497
3495,3491
3496,2870
3497,3498
3498,3499
3499,3500
3500,2907
3501,2907
3502,3501
3503,3504
3504,2540
3505,3506
3506,2700
3507,2501
3508,2569
3509,3510
3510,2394
3511,3509
3512,3537
3513,1606
3514,3515
3515,3518
3516,3518
3517,67
3518,3519
3519,3520
3520,3523
3521,3520
3522,1221
3523,3524
3524,3525
3525,3526
3526,3527
3527,3528
3528,3529
3529,3530
3530,3531
3531,3532
3532,3533
3533,3534
3534,189
3535,1544
3536,1605
3537,3536
3538,61
3539,100
3540,3359
